ISO-10303-21;
HEADER;
/* Generated by software containing ST-Developer
 * from STEP Tools, Inc. (www.steptools.com) 
 */
/* OPTION: using custom schema-name function */

FILE_DESCRIPTION(
/* description */ (''),
/* implementation_level */ '2;1');

FILE_NAME(
/* name */ '436500427wbm000_01_214.stp',
/* time_stamp */ '2022-06-14T10:02:33+06:00',
/* author */ (''),
/* organization */ (''),
/* preprocessor_version */ 'ST-DEVELOPER v16.7',
/* originating_system */ 'SIEMENS PLM Software NX 1919',
/* authorisation */ '');

FILE_SCHEMA (('AUTOMOTIVE_DESIGN { 1 0 10303 214 3 1 1 1 }'));
ENDSEC;

DATA;
#10=SHAPE_REPRESENTATION_RELATIONSHIP('None',
'relationship between 436500427wbm000_01-None and 436500427wbm000_01-N
one',#22,#11);
#11=ADVANCED_BREP_SHAPE_REPRESENTATION('436500427wbm000_01-None',(#32),
#4174);
#12=SHAPE_DEFINITION_REPRESENTATION(#13,#22);
#13=PRODUCT_DEFINITION_SHAPE('','',#14);
#14=PRODUCT_DEFINITION(' ','',#16,#15);
#15=PRODUCT_DEFINITION_CONTEXT('part definition',#21,'design');
#16=PRODUCT_DEFINITION_FORMATION_WITH_SPECIFIED_SOURCE(' ',' ',#18,
 .NOT_KNOWN.);
#17=PRODUCT_RELATED_PRODUCT_CATEGORY('part','',(#18));
#18=PRODUCT('436500427wbm000_01','436500427wbm000_01',' ',(#19));
#19=PRODUCT_CONTEXT(' ',#21,'mechanical');
#20=APPLICATION_PROTOCOL_DEFINITION('international standard',
'automotive_design',2010,#21);
#21=APPLICATION_CONTEXT(
'core data for automotive mechanical design processes');
#22=SHAPE_REPRESENTATION('436500427wbm000_01-None',(#2643),#4174);
#23=PRESENTATION_LAYER_ASSIGNMENT('1','Layer 1',(#32));
#24=STYLED_ITEM('',(#25),#32);
#25=PRESENTATION_STYLE_ASSIGNMENT((#26));
#26=SURFACE_STYLE_USAGE(.BOTH.,#27);
#27=SURFACE_SIDE_STYLE('',(#28));
#28=SURFACE_STYLE_FILL_AREA(#29);
#29=FILL_AREA_STYLE('',(#30));
#30=FILL_AREA_STYLE_COLOUR('',#31);
#31=COLOUR_RGB('Medium Steel',0.596063172350652,0.666666666666667,0.686259250782025);
#32=MANIFOLD_SOLID_BREP('',#33);
#33=CLOSED_SHELL('',(#57,#58,#59,#60,#61,#62,#63,#64,#65,#66,#67,#68,#69,
#70,#71,#72,#73,#74,#75,#76,#77,#78,#79,#80,#81,#82,#83,#84,#85,#86,#87,
#88,#89,#90,#91,#92,#93,#94,#95,#96,#97,#98,#99,#100,#101,#102,#103,#104,
#105,#106,#107,#108,#109,#110,#111,#112,#113,#114,#115,#116,#117,#118,#119,
#120,#121,#122,#123,#124,#125,#126,#127,#128,#129,#130,#131,#132,#133,#134,
#135,#136,#137,#138,#139,#140,#141,#142,#143,#144,#145,#146,#147,#148,#149,
#150,#151,#152,#153,#154,#155,#156,#157,#158,#159,#160,#161,#162,#163,#164,
#165,#166,#167,#168,#169,#170,#171,#172,#173,#174,#175,#176,#177,#178,#179,
#180,#181,#182,#183,#184,#185,#186,#187,#188,#189,#190,#191,#192,#193,#194,
#195,#196,#197,#198,#199,#200,#201,#202,#203,#204,#205,#206,#207,#208));
#34=FACE_BOUND('',#512,.T.);
#35=FACE_BOUND('',#513,.T.);
#36=FACE_BOUND('',#514,.T.);
#37=FACE_BOUND('',#515,.T.);
#38=FACE_BOUND('',#516,.T.);
#39=FACE_BOUND('',#517,.T.);
#40=FACE_BOUND('',#518,.T.);
#41=FACE_BOUND('',#519,.T.);
#42=FACE_BOUND('',#523,.T.);
#43=FACE_BOUND('',#524,.T.);
#44=FACE_BOUND('',#525,.T.);
#45=FACE_BOUND('',#526,.T.);
#46=FACE_BOUND('',#527,.T.);
#47=FACE_BOUND('',#528,.T.);
#48=FACE_BOUND('',#529,.T.);
#49=FACE_BOUND('',#560,.T.);
#50=FACE_BOUND('',#561,.T.);
#51=FACE_BOUND('',#567,.T.);
#52=FACE_BOUND('',#568,.T.);
#53=FACE_BOUND('',#573,.T.);
#54=FACE_BOUND('',#574,.T.);
#55=FACE_BOUND('',#580,.T.);
#56=FACE_BOUND('',#581,.T.);
#57=ADVANCED_FACE('',(#361),#209,.F.);
#58=ADVANCED_FACE('',(#362),#210,.T.);
#59=ADVANCED_FACE('',(#363),#211,.T.);
#60=ADVANCED_FACE('',(#364),#212,.T.);
#61=ADVANCED_FACE('',(#365),#213,.T.);
#62=ADVANCED_FACE('',(#366),#214,.T.);
#63=ADVANCED_FACE('',(#367),#215,.T.);
#64=ADVANCED_FACE('',(#34,#35,#36,#37,#38),#216,.F.);
#65=ADVANCED_FACE('',(#39,#40,#41),#217,.T.);
#66=ADVANCED_FACE('',(#368),#218,.T.);
#67=ADVANCED_FACE('',(#369),#219,.T.);
#68=ADVANCED_FACE('',(#370),#220,.T.);
#69=ADVANCED_FACE('',(#42,#43,#44,#45,#46),#221,.T.);
#70=ADVANCED_FACE('',(#47,#48),#222,.T.);
#71=ADVANCED_FACE('',(#371),#223,.T.);
#72=ADVANCED_FACE('',(#372),#224,.F.);
#73=ADVANCED_FACE('',(#373),#225,.F.);
#74=ADVANCED_FACE('',(#374),#226,.F.);
#75=ADVANCED_FACE('',(#375),#227,.F.);
#76=ADVANCED_FACE('',(#376),#228,.T.);
#77=ADVANCED_FACE('',(#377),#229,.T.);
#78=ADVANCED_FACE('',(#378),#230,.T.);
#79=ADVANCED_FACE('',(#379),#231,.T.);
#80=ADVANCED_FACE('',(#380),#232,.T.);
#81=ADVANCED_FACE('',(#381),#233,.T.);
#82=ADVANCED_FACE('',(#382),#234,.F.);
#83=ADVANCED_FACE('',(#383),#235,.T.);
#84=ADVANCED_FACE('',(#384),#236,.T.);
#85=ADVANCED_FACE('',(#385),#237,.T.);
#86=ADVANCED_FACE('',(#386),#238,.F.);
#87=ADVANCED_FACE('',(#387),#239,.T.);
#88=ADVANCED_FACE('',(#388),#240,.T.);
#89=ADVANCED_FACE('',(#389),#241,.T.);
#90=ADVANCED_FACE('',(#390),#242,.F.);
#91=ADVANCED_FACE('',(#391),#243,.F.);
#92=ADVANCED_FACE('',(#392),#244,.F.);
#93=ADVANCED_FACE('',(#393),#245,.T.);
#94=ADVANCED_FACE('',(#394),#246,.F.);
#95=ADVANCED_FACE('',(#395),#247,.F.);
#96=ADVANCED_FACE('',(#396),#248,.F.);
#97=ADVANCED_FACE('',(#397),#249,.F.);
#98=ADVANCED_FACE('',(#398),#250,.F.);
#99=ADVANCED_FACE('',(#399),#251,.F.);
#100=ADVANCED_FACE('',(#400),#252,.F.);
#101=ADVANCED_FACE('',(#49,#50),#253,.T.);
#102=ADVANCED_FACE('',(#401),#254,.F.);
#103=ADVANCED_FACE('',(#402),#255,.F.);
#104=ADVANCED_FACE('',(#403),#256,.F.);
#105=ADVANCED_FACE('',(#404),#257,.F.);
#106=ADVANCED_FACE('',(#405),#258,.F.);
#107=ADVANCED_FACE('',(#51,#52),#259,.T.);
#108=ADVANCED_FACE('',(#406),#260,.F.);
#109=ADVANCED_FACE('',(#407),#261,.F.);
#110=ADVANCED_FACE('',(#408),#262,.F.);
#111=ADVANCED_FACE('',(#409),#263,.F.);
#112=ADVANCED_FACE('',(#53,#54),#264,.T.);
#113=ADVANCED_FACE('',(#410),#265,.F.);
#114=ADVANCED_FACE('',(#411),#266,.F.);
#115=ADVANCED_FACE('',(#412),#267,.F.);
#116=ADVANCED_FACE('',(#413),#268,.F.);
#117=ADVANCED_FACE('',(#414),#269,.F.);
#118=ADVANCED_FACE('',(#55,#56),#270,.T.);
#119=ADVANCED_FACE('',(#415),#271,.T.);
#120=ADVANCED_FACE('',(#416),#272,.T.);
#121=ADVANCED_FACE('',(#417),#273,.T.);
#122=ADVANCED_FACE('',(#418),#274,.F.);
#123=ADVANCED_FACE('',(#419),#275,.T.);
#124=ADVANCED_FACE('',(#420),#276,.T.);
#125=ADVANCED_FACE('',(#421),#277,.T.);
#126=ADVANCED_FACE('',(#422),#278,.T.);
#127=ADVANCED_FACE('',(#423),#279,.F.);
#128=ADVANCED_FACE('',(#424),#280,.T.);
#129=ADVANCED_FACE('',(#425),#281,.F.);
#130=ADVANCED_FACE('',(#426),#282,.T.);
#131=ADVANCED_FACE('',(#427),#283,.F.);
#132=ADVANCED_FACE('',(#428),#284,.F.);
#133=ADVANCED_FACE('',(#429),#285,.F.);
#134=ADVANCED_FACE('',(#430),#286,.F.);
#135=ADVANCED_FACE('',(#431),#287,.F.);
#136=ADVANCED_FACE('',(#432),#288,.T.);
#137=ADVANCED_FACE('',(#433),#289,.F.);
#138=ADVANCED_FACE('',(#434),#290,.F.);
#139=ADVANCED_FACE('',(#435),#291,.F.);
#140=ADVANCED_FACE('',(#436),#292,.T.);
#141=ADVANCED_FACE('',(#437),#293,.F.);
#142=ADVANCED_FACE('',(#438),#294,.F.);
#143=ADVANCED_FACE('',(#439),#295,.F.);
#144=ADVANCED_FACE('',(#440),#296,.T.);
#145=ADVANCED_FACE('',(#441),#297,.F.);
#146=ADVANCED_FACE('',(#442),#298,.F.);
#147=ADVANCED_FACE('',(#443),#299,.F.);
#148=ADVANCED_FACE('',(#444),#300,.T.);
#149=ADVANCED_FACE('',(#445),#301,.F.);
#150=ADVANCED_FACE('',(#446),#302,.F.);
#151=ADVANCED_FACE('',(#447),#303,.F.);
#152=ADVANCED_FACE('',(#448),#304,.F.);
#153=ADVANCED_FACE('',(#449),#305,.F.);
#154=ADVANCED_FACE('',(#450),#306,.T.);
#155=ADVANCED_FACE('',(#451),#307,.F.);
#156=ADVANCED_FACE('',(#452),#308,.F.);
#157=ADVANCED_FACE('',(#453),#309,.F.);
#158=ADVANCED_FACE('',(#454),#310,.T.);
#159=ADVANCED_FACE('',(#455),#311,.F.);
#160=ADVANCED_FACE('',(#456),#312,.F.);
#161=ADVANCED_FACE('',(#457),#313,.F.);
#162=ADVANCED_FACE('',(#458),#314,.T.);
#163=ADVANCED_FACE('',(#459),#315,.F.);
#164=ADVANCED_FACE('',(#460),#316,.F.);
#165=ADVANCED_FACE('',(#461),#317,.F.);
#166=ADVANCED_FACE('',(#462),#318,.T.);
#167=ADVANCED_FACE('',(#463),#319,.F.);
#168=ADVANCED_FACE('',(#464),#320,.F.);
#169=ADVANCED_FACE('',(#465),#321,.F.);
#170=ADVANCED_FACE('',(#466),#322,.F.);
#171=ADVANCED_FACE('',(#467),#323,.F.);
#172=ADVANCED_FACE('',(#468),#324,.T.);
#173=ADVANCED_FACE('',(#469),#325,.F.);
#174=ADVANCED_FACE('',(#470),#326,.F.);
#175=ADVANCED_FACE('',(#471),#327,.F.);
#176=ADVANCED_FACE('',(#472),#328,.T.);
#177=ADVANCED_FACE('',(#473),#329,.F.);
#178=ADVANCED_FACE('',(#474),#330,.F.);
#179=ADVANCED_FACE('',(#475),#331,.F.);
#180=ADVANCED_FACE('',(#476),#332,.T.);
#181=ADVANCED_FACE('',(#477),#333,.F.);
#182=ADVANCED_FACE('',(#478),#334,.F.);
#183=ADVANCED_FACE('',(#479),#335,.F.);
#184=ADVANCED_FACE('',(#480),#336,.T.);
#185=ADVANCED_FACE('',(#481),#337,.F.);
#186=ADVANCED_FACE('',(#482),#338,.F.);
#187=ADVANCED_FACE('',(#483),#339,.F.);
#188=ADVANCED_FACE('',(#484),#340,.F.);
#189=ADVANCED_FACE('',(#485),#341,.F.);
#190=ADVANCED_FACE('',(#486),#342,.T.);
#191=ADVANCED_FACE('',(#487),#343,.F.);
#192=ADVANCED_FACE('',(#488),#344,.F.);
#193=ADVANCED_FACE('',(#489),#345,.F.);
#194=ADVANCED_FACE('',(#490),#346,.T.);
#195=ADVANCED_FACE('',(#491),#347,.F.);
#196=ADVANCED_FACE('',(#492),#348,.F.);
#197=ADVANCED_FACE('',(#493),#349,.F.);
#198=ADVANCED_FACE('',(#494),#350,.T.);
#199=ADVANCED_FACE('',(#495),#351,.F.);
#200=ADVANCED_FACE('',(#496),#352,.F.);
#201=ADVANCED_FACE('',(#497),#353,.T.);
#202=ADVANCED_FACE('',(#498),#354,.T.);
#203=ADVANCED_FACE('',(#499),#355,.T.);
#204=ADVANCED_FACE('',(#500),#356,.T.);
#205=ADVANCED_FACE('',(#501),#357,.T.);
#206=ADVANCED_FACE('',(#502),#358,.T.);
#207=ADVANCED_FACE('',(#503),#359,.T.);
#208=ADVANCED_FACE('',(#504),#360,.T.);
#209=PLANE('',#2644);
#210=PLANE('',#2645);
#211=PLANE('',#2646);
#212=PLANE('',#2647);
#213=PLANE('',#2648);
#214=PLANE('',#2649);
#215=PLANE('',#2650);
#216=PLANE('',#2651);
#217=PLANE('',#2652);
#218=PLANE('',#2653);
#219=PLANE('',#2654);
#220=PLANE('',#2655);
#221=PLANE('',#2656);
#222=PLANE('',#2657);
#223=PLANE('',#2658);
#224=PLANE('',#2659);
#225=PLANE('',#2660);
#226=PLANE('',#2661);
#227=PLANE('',#2662);
#228=PLANE('',#2663);
#229=PLANE('',#2664);
#230=PLANE('',#2665);
#231=PLANE('',#2666);
#232=PLANE('',#2667);
#233=PLANE('',#2668);
#234=PLANE('',#2669);
#235=PLANE('',#2670);
#236=PLANE('',#2671);
#237=PLANE('',#2672);
#238=PLANE('',#2673);
#239=PLANE('',#2674);
#240=PLANE('',#2675);
#241=PLANE('',#2676);
#242=PLANE('',#2677);
#243=PLANE('',#2678);
#244=PLANE('',#2679);
#245=PLANE('',#2680);
#246=PLANE('',#2681);
#247=PLANE('',#2682);
#248=PLANE('',#2683);
#249=PLANE('',#2684);
#250=PLANE('',#2685);
#251=PLANE('',#2686);
#252=PLANE('',#2687);
#253=PLANE('',#2688);
#254=PLANE('',#2689);
#255=PLANE('',#2690);
#256=PLANE('',#2691);
#257=PLANE('',#2692);
#258=PLANE('',#2693);
#259=PLANE('',#2694);
#260=PLANE('',#2695);
#261=PLANE('',#2696);
#262=PLANE('',#2697);
#263=PLANE('',#2698);
#264=PLANE('',#2699);
#265=PLANE('',#2700);
#266=PLANE('',#2701);
#267=PLANE('',#2702);
#268=PLANE('',#2703);
#269=PLANE('',#2704);
#270=PLANE('',#2705);
#271=PLANE('',#2706);
#272=PLANE('',#2707);
#273=PLANE('',#2708);
#274=PLANE('',#2709);
#275=PLANE('',#2710);
#276=PLANE('',#2711);
#277=PLANE('',#2712);
#278=PLANE('',#2713);
#279=PLANE('',#2714);
#280=PLANE('',#2715);
#281=PLANE('',#2716);
#282=PLANE('',#2717);
#283=PLANE('',#2718);
#284=PLANE('',#2719);
#285=PLANE('',#2720);
#286=PLANE('',#2721);
#287=PLANE('',#2722);
#288=PLANE('',#2723);
#289=PLANE('',#2724);
#290=PLANE('',#2725);
#291=PLANE('',#2726);
#292=PLANE('',#2727);
#293=PLANE('',#2728);
#294=PLANE('',#2729);
#295=PLANE('',#2730);
#296=PLANE('',#2731);
#297=PLANE('',#2732);
#298=PLANE('',#2733);
#299=PLANE('',#2734);
#300=PLANE('',#2735);
#301=PLANE('',#2736);
#302=PLANE('',#2737);
#303=PLANE('',#2738);
#304=PLANE('',#2739);
#305=PLANE('',#2740);
#306=PLANE('',#2741);
#307=PLANE('',#2742);
#308=PLANE('',#2743);
#309=PLANE('',#2744);
#310=PLANE('',#2745);
#311=PLANE('',#2746);
#312=PLANE('',#2747);
#313=PLANE('',#2748);
#314=PLANE('',#2749);
#315=PLANE('',#2750);
#316=PLANE('',#2751);
#317=PLANE('',#2752);
#318=PLANE('',#2753);
#319=PLANE('',#2754);
#320=PLANE('',#2755);
#321=PLANE('',#2756);
#322=PLANE('',#2757);
#323=PLANE('',#2758);
#324=PLANE('',#2759);
#325=PLANE('',#2760);
#326=PLANE('',#2761);
#327=PLANE('',#2762);
#328=PLANE('',#2763);
#329=PLANE('',#2764);
#330=PLANE('',#2765);
#331=PLANE('',#2766);
#332=PLANE('',#2767);
#333=PLANE('',#2768);
#334=PLANE('',#2769);
#335=PLANE('',#2770);
#336=PLANE('',#2771);
#337=PLANE('',#2772);
#338=PLANE('',#2773);
#339=PLANE('',#2774);
#340=PLANE('',#2775);
#341=PLANE('',#2776);
#342=PLANE('',#2777);
#343=PLANE('',#2778);
#344=PLANE('',#2779);
#345=PLANE('',#2780);
#346=PLANE('',#2781);
#347=PLANE('',#2782);
#348=PLANE('',#2783);
#349=PLANE('',#2784);
#350=PLANE('',#2785);
#351=PLANE('',#2786);
#352=PLANE('',#2787);
#353=PLANE('',#2788);
#354=PLANE('',#2789);
#355=PLANE('',#2790);
#356=PLANE('',#2791);
#357=PLANE('',#2792);
#358=PLANE('',#2793);
#359=PLANE('',#2794);
#360=PLANE('',#2795);
#361=FACE_OUTER_BOUND('',#505,.T.);
#362=FACE_OUTER_BOUND('',#506,.T.);
#363=FACE_OUTER_BOUND('',#507,.T.);
#364=FACE_OUTER_BOUND('',#508,.T.);
#365=FACE_OUTER_BOUND('',#509,.T.);
#366=FACE_OUTER_BOUND('',#510,.T.);
#367=FACE_OUTER_BOUND('',#511,.T.);
#368=FACE_OUTER_BOUND('',#520,.T.);
#369=FACE_OUTER_BOUND('',#521,.T.);
#370=FACE_OUTER_BOUND('',#522,.T.);
#371=FACE_OUTER_BOUND('',#530,.T.);
#372=FACE_OUTER_BOUND('',#531,.T.);
#373=FACE_OUTER_BOUND('',#532,.T.);
#374=FACE_OUTER_BOUND('',#533,.T.);
#375=FACE_OUTER_BOUND('',#534,.T.);
#376=FACE_OUTER_BOUND('',#535,.T.);
#377=FACE_OUTER_BOUND('',#536,.T.);
#378=FACE_OUTER_BOUND('',#537,.T.);
#379=FACE_OUTER_BOUND('',#538,.T.);
#380=FACE_OUTER_BOUND('',#539,.T.);
#381=FACE_OUTER_BOUND('',#540,.T.);
#382=FACE_OUTER_BOUND('',#541,.T.);
#383=FACE_OUTER_BOUND('',#542,.T.);
#384=FACE_OUTER_BOUND('',#543,.T.);
#385=FACE_OUTER_BOUND('',#544,.T.);
#386=FACE_OUTER_BOUND('',#545,.T.);
#387=FACE_OUTER_BOUND('',#546,.T.);
#388=FACE_OUTER_BOUND('',#547,.T.);
#389=FACE_OUTER_BOUND('',#548,.T.);
#390=FACE_OUTER_BOUND('',#549,.T.);
#391=FACE_OUTER_BOUND('',#550,.T.);
#392=FACE_OUTER_BOUND('',#551,.T.);
#393=FACE_OUTER_BOUND('',#552,.T.);
#394=FACE_OUTER_BOUND('',#553,.T.);
#395=FACE_OUTER_BOUND('',#554,.T.);
#396=FACE_OUTER_BOUND('',#555,.T.);
#397=FACE_OUTER_BOUND('',#556,.T.);
#398=FACE_OUTER_BOUND('',#557,.T.);
#399=FACE_OUTER_BOUND('',#558,.T.);
#400=FACE_OUTER_BOUND('',#559,.T.);
#401=FACE_OUTER_BOUND('',#562,.T.);
#402=FACE_OUTER_BOUND('',#563,.T.);
#403=FACE_OUTER_BOUND('',#564,.T.);
#404=FACE_OUTER_BOUND('',#565,.T.);
#405=FACE_OUTER_BOUND('',#566,.T.);
#406=FACE_OUTER_BOUND('',#569,.T.);
#407=FACE_OUTER_BOUND('',#570,.T.);
#408=FACE_OUTER_BOUND('',#571,.T.);
#409=FACE_OUTER_BOUND('',#572,.T.);
#410=FACE_OUTER_BOUND('',#575,.T.);
#411=FACE_OUTER_BOUND('',#576,.T.);
#412=FACE_OUTER_BOUND('',#577,.T.);
#413=FACE_OUTER_BOUND('',#578,.T.);
#414=FACE_OUTER_BOUND('',#579,.T.);
#415=FACE_OUTER_BOUND('',#582,.T.);
#416=FACE_OUTER_BOUND('',#583,.T.);
#417=FACE_OUTER_BOUND('',#584,.T.);
#418=FACE_OUTER_BOUND('',#585,.T.);
#419=FACE_OUTER_BOUND('',#586,.T.);
#420=FACE_OUTER_BOUND('',#587,.T.);
#421=FACE_OUTER_BOUND('',#588,.T.);
#422=FACE_OUTER_BOUND('',#589,.T.);
#423=FACE_OUTER_BOUND('',#590,.T.);
#424=FACE_OUTER_BOUND('',#591,.T.);
#425=FACE_OUTER_BOUND('',#592,.T.);
#426=FACE_OUTER_BOUND('',#593,.T.);
#427=FACE_OUTER_BOUND('',#594,.T.);
#428=FACE_OUTER_BOUND('',#595,.T.);
#429=FACE_OUTER_BOUND('',#596,.T.);
#430=FACE_OUTER_BOUND('',#597,.T.);
#431=FACE_OUTER_BOUND('',#598,.T.);
#432=FACE_OUTER_BOUND('',#599,.T.);
#433=FACE_OUTER_BOUND('',#600,.T.);
#434=FACE_OUTER_BOUND('',#601,.T.);
#435=FACE_OUTER_BOUND('',#602,.T.);
#436=FACE_OUTER_BOUND('',#603,.T.);
#437=FACE_OUTER_BOUND('',#604,.T.);
#438=FACE_OUTER_BOUND('',#605,.T.);
#439=FACE_OUTER_BOUND('',#606,.T.);
#440=FACE_OUTER_BOUND('',#607,.T.);
#441=FACE_OUTER_BOUND('',#608,.T.);
#442=FACE_OUTER_BOUND('',#609,.T.);
#443=FACE_OUTER_BOUND('',#610,.T.);
#444=FACE_OUTER_BOUND('',#611,.T.);
#445=FACE_OUTER_BOUND('',#612,.T.);
#446=FACE_OUTER_BOUND('',#613,.T.);
#447=FACE_OUTER_BOUND('',#614,.T.);
#448=FACE_OUTER_BOUND('',#615,.T.);
#449=FACE_OUTER_BOUND('',#616,.T.);
#450=FACE_OUTER_BOUND('',#617,.T.);
#451=FACE_OUTER_BOUND('',#618,.T.);
#452=FACE_OUTER_BOUND('',#619,.T.);
#453=FACE_OUTER_BOUND('',#620,.T.);
#454=FACE_OUTER_BOUND('',#621,.T.);
#455=FACE_OUTER_BOUND('',#622,.T.);
#456=FACE_OUTER_BOUND('',#623,.T.);
#457=FACE_OUTER_BOUND('',#624,.T.);
#458=FACE_OUTER_BOUND('',#625,.T.);
#459=FACE_OUTER_BOUND('',#626,.T.);
#460=FACE_OUTER_BOUND('',#627,.T.);
#461=FACE_OUTER_BOUND('',#628,.T.);
#462=FACE_OUTER_BOUND('',#629,.T.);
#463=FACE_OUTER_BOUND('',#630,.T.);
#464=FACE_OUTER_BOUND('',#631,.T.);
#465=FACE_OUTER_BOUND('',#632,.T.);
#466=FACE_OUTER_BOUND('',#633,.T.);
#467=FACE_OUTER_BOUND('',#634,.T.);
#468=FACE_OUTER_BOUND('',#635,.T.);
#469=FACE_OUTER_BOUND('',#636,.T.);
#470=FACE_OUTER_BOUND('',#637,.T.);
#471=FACE_OUTER_BOUND('',#638,.T.);
#472=FACE_OUTER_BOUND('',#639,.T.);
#473=FACE_OUTER_BOUND('',#640,.T.);
#474=FACE_OUTER_BOUND('',#641,.T.);
#475=FACE_OUTER_BOUND('',#642,.T.);
#476=FACE_OUTER_BOUND('',#643,.T.);
#477=FACE_OUTER_BOUND('',#644,.T.);
#478=FACE_OUTER_BOUND('',#645,.T.);
#479=FACE_OUTER_BOUND('',#646,.T.);
#480=FACE_OUTER_BOUND('',#647,.T.);
#481=FACE_OUTER_BOUND('',#648,.T.);
#482=FACE_OUTER_BOUND('',#649,.T.);
#483=FACE_OUTER_BOUND('',#650,.T.);
#484=FACE_OUTER_BOUND('',#651,.T.);
#485=FACE_OUTER_BOUND('',#652,.T.);
#486=FACE_OUTER_BOUND('',#653,.T.);
#487=FACE_OUTER_BOUND('',#654,.T.);
#488=FACE_OUTER_BOUND('',#655,.T.);
#489=FACE_OUTER_BOUND('',#656,.T.);
#490=FACE_OUTER_BOUND('',#657,.T.);
#491=FACE_OUTER_BOUND('',#658,.T.);
#492=FACE_OUTER_BOUND('',#659,.T.);
#493=FACE_OUTER_BOUND('',#660,.T.);
#494=FACE_OUTER_BOUND('',#661,.T.);
#495=FACE_OUTER_BOUND('',#662,.T.);
#496=FACE_OUTER_BOUND('',#663,.T.);
#497=FACE_OUTER_BOUND('',#664,.T.);
#498=FACE_OUTER_BOUND('',#665,.T.);
#499=FACE_OUTER_BOUND('',#666,.T.);
#500=FACE_OUTER_BOUND('',#667,.T.);
#501=FACE_OUTER_BOUND('',#668,.T.);
#502=FACE_OUTER_BOUND('',#669,.T.);
#503=FACE_OUTER_BOUND('',#670,.T.);
#504=FACE_OUTER_BOUND('',#671,.T.);
#505=EDGE_LOOP('',(#672,#673,#674,#675,#676,#677,#678));
#506=EDGE_LOOP('',(#679,#680,#681));
#507=EDGE_LOOP('',(#682,#683,#684));
#508=EDGE_LOOP('',(#685,#686,#687,#688));
#509=EDGE_LOOP('',(#689,#690,#691));
#510=EDGE_LOOP('',(#692,#693,#694));
#511=EDGE_LOOP('',(#695,#696,#697,#698));
#512=EDGE_LOOP('',(#699,#700,#701,#702));
#513=EDGE_LOOP('',(#703,#704,#705,#706));
#514=EDGE_LOOP('',(#707,#708,#709,#710));
#515=EDGE_LOOP('',(#711,#712,#713,#714));
#516=EDGE_LOOP('',(#715,#716,#717,#718,#719,#720,#721,#722));
#517=EDGE_LOOP('',(#723,#724,#725,#726));
#518=EDGE_LOOP('',(#727,#728,#729,#730));
#519=EDGE_LOOP('',(#731,#732,#733,#734,#735,#736,#737,#738,#739,#740,#741,
#742));
#520=EDGE_LOOP('',(#743,#744,#745,#746));
#521=EDGE_LOOP('',(#747,#748,#749,#750));
#522=EDGE_LOOP('',(#751,#752,#753,#754,#755,#756,#757,#758,#759,#760));
#523=EDGE_LOOP('',(#761,#762,#763,#764,#765));
#524=EDGE_LOOP('',(#766,#767,#768,#769));
#525=EDGE_LOOP('',(#770,#771,#772,#773,#774));
#526=EDGE_LOOP('',(#775,#776,#777,#778,#779));
#527=EDGE_LOOP('',(#780,#781,#782,#783,#784,#785,#786,#787));
#528=EDGE_LOOP('',(#788,#789,#790,#791,#792,#793));
#529=EDGE_LOOP('',(#794,#795,#796,#797));
#530=EDGE_LOOP('',(#798,#799,#800,#801,#802,#803,#804,#805,#806,#807));
#531=EDGE_LOOP('',(#808,#809,#810,#811));
#532=EDGE_LOOP('',(#812,#813,#814,#815));
#533=EDGE_LOOP('',(#816,#817,#818,#819));
#534=EDGE_LOOP('',(#820,#821,#822,#823));
#535=EDGE_LOOP('',(#824,#825,#826,#827));
#536=EDGE_LOOP('',(#828,#829,#830,#831,#832));
#537=EDGE_LOOP('',(#833,#834,#835,#836,#837));
#538=EDGE_LOOP('',(#838,#839,#840,#841));
#539=EDGE_LOOP('',(#842,#843,#844,#845));
#540=EDGE_LOOP('',(#846,#847,#848));
#541=EDGE_LOOP('',(#849,#850,#851));
#542=EDGE_LOOP('',(#852,#853,#854,#855));
#543=EDGE_LOOP('',(#856,#857,#858,#859));
#544=EDGE_LOOP('',(#860,#861,#862));
#545=EDGE_LOOP('',(#863,#864,#865));
#546=EDGE_LOOP('',(#866,#867,#868,#869));
#547=EDGE_LOOP('',(#870,#871,#872,#873));
#548=EDGE_LOOP('',(#874,#875,#876,#877));
#549=EDGE_LOOP('',(#878,#879,#880,#881));
#550=EDGE_LOOP('',(#882,#883,#884,#885));
#551=EDGE_LOOP('',(#886,#887,#888,#889));
#552=EDGE_LOOP('',(#890,#891,#892,#893,#894,#895,#896));
#553=EDGE_LOOP('',(#897,#898,#899,#900));
#554=EDGE_LOOP('',(#901,#902,#903,#904));
#555=EDGE_LOOP('',(#905,#906,#907,#908));
#556=EDGE_LOOP('',(#909,#910,#911,#912));
#557=EDGE_LOOP('',(#913,#914,#915,#916));
#558=EDGE_LOOP('',(#917,#918,#919,#920));
#559=EDGE_LOOP('',(#921,#922,#923,#924));
#560=EDGE_LOOP('',(#925,#926,#927,#928));
#561=EDGE_LOOP('',(#929,#930,#931,#932,#933));
#562=EDGE_LOOP('',(#934,#935,#936,#937));
#563=EDGE_LOOP('',(#938,#939,#940,#941));
#564=EDGE_LOOP('',(#942,#943,#944,#945));
#565=EDGE_LOOP('',(#946,#947,#948,#949));
#566=EDGE_LOOP('',(#950,#951,#952,#953));
#567=EDGE_LOOP('',(#954,#955,#956,#957));
#568=EDGE_LOOP('',(#958,#959,#960,#961,#962));
#569=EDGE_LOOP('',(#963,#964,#965,#966));
#570=EDGE_LOOP('',(#967,#968,#969,#970));
#571=EDGE_LOOP('',(#971,#972,#973,#974));
#572=EDGE_LOOP('',(#975,#976,#977,#978));
#573=EDGE_LOOP('',(#979,#980,#981,#982));
#574=EDGE_LOOP('',(#983,#984,#985,#986));
#575=EDGE_LOOP('',(#987,#988,#989,#990));
#576=EDGE_LOOP('',(#991,#992,#993,#994));
#577=EDGE_LOOP('',(#995,#996,#997,#998));
#578=EDGE_LOOP('',(#999,#1000,#1001,#1002));
#579=EDGE_LOOP('',(#1003,#1004,#1005,#1006));
#580=EDGE_LOOP('',(#1007,#1008,#1009,#1010));
#581=EDGE_LOOP('',(#1011,#1012,#1013,#1014,#1015));
#582=EDGE_LOOP('',(#1016,#1017,#1018,#1019));
#583=EDGE_LOOP('',(#1020,#1021,#1022,#1023));
#584=EDGE_LOOP('',(#1024,#1025,#1026,#1027));
#585=EDGE_LOOP('',(#1028,#1029,#1030,#1031));
#586=EDGE_LOOP('',(#1032,#1033,#1034,#1035));
#587=EDGE_LOOP('',(#1036,#1037,#1038,#1039));
#588=EDGE_LOOP('',(#1040,#1041,#1042,#1043));
#589=EDGE_LOOP('',(#1044,#1045,#1046,#1047));
#590=EDGE_LOOP('',(#1048,#1049,#1050,#1051));
#591=EDGE_LOOP('',(#1052,#1053,#1054,#1055));
#592=EDGE_LOOP('',(#1056,#1057,#1058,#1059));
#593=EDGE_LOOP('',(#1060,#1061,#1062,#1063));
#594=EDGE_LOOP('',(#1064,#1065,#1066,#1067));
#595=EDGE_LOOP('',(#1068,#1069,#1070,#1071));
#596=EDGE_LOOP('',(#1072,#1073,#1074,#1075));
#597=EDGE_LOOP('',(#1076,#1077,#1078,#1079));
#598=EDGE_LOOP('',(#1080,#1081,#1082,#1083));
#599=EDGE_LOOP('',(#1084,#1085,#1086,#1087));
#600=EDGE_LOOP('',(#1088,#1089,#1090,#1091));
#601=EDGE_LOOP('',(#1092,#1093,#1094,#1095));
#602=EDGE_LOOP('',(#1096,#1097,#1098,#1099));
#603=EDGE_LOOP('',(#1100,#1101,#1102,#1103));
#604=EDGE_LOOP('',(#1104,#1105,#1106,#1107));
#605=EDGE_LOOP('',(#1108,#1109,#1110,#1111));
#606=EDGE_LOOP('',(#1112,#1113,#1114,#1115));
#607=EDGE_LOOP('',(#1116,#1117,#1118,#1119));
#608=EDGE_LOOP('',(#1120,#1121,#1122,#1123));
#609=EDGE_LOOP('',(#1124,#1125,#1126,#1127));
#610=EDGE_LOOP('',(#1128,#1129,#1130,#1131));
#611=EDGE_LOOP('',(#1132,#1133,#1134,#1135));
#612=EDGE_LOOP('',(#1136,#1137,#1138,#1139));
#613=EDGE_LOOP('',(#1140,#1141,#1142,#1143));
#614=EDGE_LOOP('',(#1144,#1145,#1146,#1147));
#615=EDGE_LOOP('',(#1148,#1149,#1150,#1151));
#616=EDGE_LOOP('',(#1152,#1153,#1154,#1155));
#617=EDGE_LOOP('',(#1156,#1157,#1158,#1159));
#618=EDGE_LOOP('',(#1160,#1161,#1162,#1163));
#619=EDGE_LOOP('',(#1164,#1165,#1166,#1167));
#620=EDGE_LOOP('',(#1168,#1169,#1170,#1171));
#621=EDGE_LOOP('',(#1172,#1173,#1174,#1175));
#622=EDGE_LOOP('',(#1176,#1177,#1178,#1179));
#623=EDGE_LOOP('',(#1180,#1181,#1182,#1183));
#624=EDGE_LOOP('',(#1184,#1185,#1186,#1187));
#625=EDGE_LOOP('',(#1188,#1189,#1190,#1191));
#626=EDGE_LOOP('',(#1192,#1193,#1194,#1195));
#627=EDGE_LOOP('',(#1196,#1197,#1198,#1199));
#628=EDGE_LOOP('',(#1200,#1201,#1202,#1203));
#629=EDGE_LOOP('',(#1204,#1205,#1206,#1207));
#630=EDGE_LOOP('',(#1208,#1209,#1210,#1211));
#631=EDGE_LOOP('',(#1212,#1213,#1214,#1215));
#632=EDGE_LOOP('',(#1216,#1217,#1218,#1219));
#633=EDGE_LOOP('',(#1220,#1221,#1222,#1223));
#634=EDGE_LOOP('',(#1224,#1225,#1226,#1227));
#635=EDGE_LOOP('',(#1228,#1229,#1230,#1231));
#636=EDGE_LOOP('',(#1232,#1233,#1234,#1235));
#637=EDGE_LOOP('',(#1236,#1237,#1238,#1239));
#638=EDGE_LOOP('',(#1240,#1241,#1242,#1243));
#639=EDGE_LOOP('',(#1244,#1245,#1246,#1247));
#640=EDGE_LOOP('',(#1248,#1249,#1250,#1251));
#641=EDGE_LOOP('',(#1252,#1253,#1254,#1255));
#642=EDGE_LOOP('',(#1256,#1257,#1258,#1259));
#643=EDGE_LOOP('',(#1260,#1261,#1262,#1263));
#644=EDGE_LOOP('',(#1264,#1265,#1266,#1267));
#645=EDGE_LOOP('',(#1268,#1269,#1270,#1271));
#646=EDGE_LOOP('',(#1272,#1273,#1274,#1275));
#647=EDGE_LOOP('',(#1276,#1277,#1278,#1279));
#648=EDGE_LOOP('',(#1280,#1281,#1282,#1283));
#649=EDGE_LOOP('',(#1284,#1285,#1286,#1287));
#650=EDGE_LOOP('',(#1288,#1289,#1290,#1291));
#651=EDGE_LOOP('',(#1292,#1293,#1294,#1295));
#652=EDGE_LOOP('',(#1296,#1297,#1298,#1299));
#653=EDGE_LOOP('',(#1300,#1301,#1302,#1303));
#654=EDGE_LOOP('',(#1304,#1305,#1306,#1307));
#655=EDGE_LOOP('',(#1308,#1309,#1310,#1311));
#656=EDGE_LOOP('',(#1312,#1313,#1314,#1315));
#657=EDGE_LOOP('',(#1316,#1317,#1318,#1319));
#658=EDGE_LOOP('',(#1320,#1321,#1322,#1323));
#659=EDGE_LOOP('',(#1324,#1325,#1326,#1327));
#660=EDGE_LOOP('',(#1328,#1329,#1330,#1331));
#661=EDGE_LOOP('',(#1332,#1333,#1334,#1335));
#662=EDGE_LOOP('',(#1336,#1337,#1338,#1339));
#663=EDGE_LOOP('',(#1340,#1341,#1342,#1343));
#664=EDGE_LOOP('',(#1344,#1345,#1346,#1347));
#665=EDGE_LOOP('',(#1348,#1349,#1350,#1351,#1352));
#666=EDGE_LOOP('',(#1353,#1354,#1355,#1356));
#667=EDGE_LOOP('',(#1357,#1358,#1359,#1360,#1361));
#668=EDGE_LOOP('',(#1362,#1363,#1364));
#669=EDGE_LOOP('',(#1365,#1366,#1367));
#670=EDGE_LOOP('',(#1368,#1369,#1370));
#671=EDGE_LOOP('',(#1371,#1372,#1373));
#672=ORIENTED_EDGE('',*,*,#1590,.F.);
#673=ORIENTED_EDGE('',*,*,#1591,.T.);
#674=ORIENTED_EDGE('',*,*,#1592,.T.);
#675=ORIENTED_EDGE('',*,*,#1593,.T.);
#676=ORIENTED_EDGE('',*,*,#1594,.T.);
#677=ORIENTED_EDGE('',*,*,#1595,.T.);
#678=ORIENTED_EDGE('',*,*,#1596,.T.);
#679=ORIENTED_EDGE('',*,*,#1597,.T.);
#680=ORIENTED_EDGE('',*,*,#1598,.T.);
#681=ORIENTED_EDGE('',*,*,#1599,.F.);
#682=ORIENTED_EDGE('',*,*,#1600,.T.);
#683=ORIENTED_EDGE('',*,*,#1601,.T.);
#684=ORIENTED_EDGE('',*,*,#1602,.T.);
#685=ORIENTED_EDGE('',*,*,#1603,.F.);
#686=ORIENTED_EDGE('',*,*,#1604,.T.);
#687=ORIENTED_EDGE('',*,*,#1605,.F.);
#688=ORIENTED_EDGE('',*,*,#1606,.F.);
#689=ORIENTED_EDGE('',*,*,#1607,.T.);
#690=ORIENTED_EDGE('',*,*,#1608,.T.);
#691=ORIENTED_EDGE('',*,*,#1609,.F.);
#692=ORIENTED_EDGE('',*,*,#1610,.T.);
#693=ORIENTED_EDGE('',*,*,#1611,.T.);
#694=ORIENTED_EDGE('',*,*,#1612,.T.);
#695=ORIENTED_EDGE('',*,*,#1613,.F.);
#696=ORIENTED_EDGE('',*,*,#1614,.T.);
#697=ORIENTED_EDGE('',*,*,#1615,.F.);
#698=ORIENTED_EDGE('',*,*,#1616,.F.);
#699=ORIENTED_EDGE('',*,*,#1617,.F.);
#700=ORIENTED_EDGE('',*,*,#1618,.T.);
#701=ORIENTED_EDGE('',*,*,#1619,.F.);
#702=ORIENTED_EDGE('',*,*,#1620,.F.);
#703=ORIENTED_EDGE('',*,*,#1621,.F.);
#704=ORIENTED_EDGE('',*,*,#1622,.T.);
#705=ORIENTED_EDGE('',*,*,#1623,.F.);
#706=ORIENTED_EDGE('',*,*,#1624,.F.);
#707=ORIENTED_EDGE('',*,*,#1625,.F.);
#708=ORIENTED_EDGE('',*,*,#1626,.T.);
#709=ORIENTED_EDGE('',*,*,#1627,.F.);
#710=ORIENTED_EDGE('',*,*,#1628,.F.);
#711=ORIENTED_EDGE('',*,*,#1629,.F.);
#712=ORIENTED_EDGE('',*,*,#1630,.T.);
#713=ORIENTED_EDGE('',*,*,#1631,.F.);
#714=ORIENTED_EDGE('',*,*,#1632,.F.);
#715=ORIENTED_EDGE('',*,*,#1633,.F.);
#716=ORIENTED_EDGE('',*,*,#1616,.T.);
#717=ORIENTED_EDGE('',*,*,#1634,.T.);
#718=ORIENTED_EDGE('',*,*,#1635,.F.);
#719=ORIENTED_EDGE('',*,*,#1636,.F.);
#720=ORIENTED_EDGE('',*,*,#1606,.T.);
#721=ORIENTED_EDGE('',*,*,#1637,.F.);
#722=ORIENTED_EDGE('',*,*,#1638,.F.);
#723=ORIENTED_EDGE('',*,*,#1639,.F.);
#724=ORIENTED_EDGE('',*,*,#1640,.F.);
#725=ORIENTED_EDGE('',*,*,#1641,.T.);
#726=ORIENTED_EDGE('',*,*,#1642,.T.);
#727=ORIENTED_EDGE('',*,*,#1643,.F.);
#728=ORIENTED_EDGE('',*,*,#1644,.F.);
#729=ORIENTED_EDGE('',*,*,#1645,.T.);
#730=ORIENTED_EDGE('',*,*,#1646,.T.);
#731=ORIENTED_EDGE('',*,*,#1647,.F.);
#732=ORIENTED_EDGE('',*,*,#1648,.T.);
#733=ORIENTED_EDGE('',*,*,#1649,.T.);
#734=ORIENTED_EDGE('',*,*,#1650,.F.);
#735=ORIENTED_EDGE('',*,*,#1651,.T.);
#736=ORIENTED_EDGE('',*,*,#1652,.T.);
#737=ORIENTED_EDGE('',*,*,#1653,.T.);
#738=ORIENTED_EDGE('',*,*,#1654,.T.);
#739=ORIENTED_EDGE('',*,*,#1655,.T.);
#740=ORIENTED_EDGE('',*,*,#1635,.T.);
#741=ORIENTED_EDGE('',*,*,#1656,.T.);
#742=ORIENTED_EDGE('',*,*,#1657,.F.);
#743=ORIENTED_EDGE('',*,*,#1658,.T.);
#744=ORIENTED_EDGE('',*,*,#1659,.T.);
#745=ORIENTED_EDGE('',*,*,#1660,.F.);
#746=ORIENTED_EDGE('',*,*,#1661,.T.);
#747=ORIENTED_EDGE('',*,*,#1662,.T.);
#748=ORIENTED_EDGE('',*,*,#1663,.T.);
#749=ORIENTED_EDGE('',*,*,#1664,.F.);
#750=ORIENTED_EDGE('',*,*,#1665,.T.);
#751=ORIENTED_EDGE('',*,*,#1666,.T.);
#752=ORIENTED_EDGE('',*,*,#1667,.T.);
#753=ORIENTED_EDGE('',*,*,#1668,.T.);
#754=ORIENTED_EDGE('',*,*,#1591,.F.);
#755=ORIENTED_EDGE('',*,*,#1610,.F.);
#756=ORIENTED_EDGE('',*,*,#1613,.T.);
#757=ORIENTED_EDGE('',*,*,#1633,.T.);
#758=ORIENTED_EDGE('',*,*,#1669,.T.);
#759=ORIENTED_EDGE('',*,*,#1664,.T.);
#760=ORIENTED_EDGE('',*,*,#1670,.T.);
#761=ORIENTED_EDGE('',*,*,#1671,.F.);
#762=ORIENTED_EDGE('',*,*,#1672,.F.);
#763=ORIENTED_EDGE('',*,*,#1673,.F.);
#764=ORIENTED_EDGE('',*,*,#1674,.F.);
#765=ORIENTED_EDGE('',*,*,#1675,.F.);
#766=ORIENTED_EDGE('',*,*,#1676,.F.);
#767=ORIENTED_EDGE('',*,*,#1677,.F.);
#768=ORIENTED_EDGE('',*,*,#1678,.F.);
#769=ORIENTED_EDGE('',*,*,#1679,.F.);
#770=ORIENTED_EDGE('',*,*,#1680,.F.);
#771=ORIENTED_EDGE('',*,*,#1681,.F.);
#772=ORIENTED_EDGE('',*,*,#1682,.F.);
#773=ORIENTED_EDGE('',*,*,#1683,.F.);
#774=ORIENTED_EDGE('',*,*,#1684,.F.);
#775=ORIENTED_EDGE('',*,*,#1685,.F.);
#776=ORIENTED_EDGE('',*,*,#1686,.F.);
#777=ORIENTED_EDGE('',*,*,#1687,.F.);
#778=ORIENTED_EDGE('',*,*,#1688,.F.);
#779=ORIENTED_EDGE('',*,*,#1689,.F.);
#780=ORIENTED_EDGE('',*,*,#1662,.F.);
#781=ORIENTED_EDGE('',*,*,#1690,.T.);
#782=ORIENTED_EDGE('',*,*,#1660,.T.);
#783=ORIENTED_EDGE('',*,*,#1691,.T.);
#784=ORIENTED_EDGE('',*,*,#1692,.T.);
#785=ORIENTED_EDGE('',*,*,#1650,.T.);
#786=ORIENTED_EDGE('',*,*,#1693,.F.);
#787=ORIENTED_EDGE('',*,*,#1694,.F.);
#788=ORIENTED_EDGE('',*,*,#1665,.F.);
#789=ORIENTED_EDGE('',*,*,#1669,.F.);
#790=ORIENTED_EDGE('',*,*,#1638,.T.);
#791=ORIENTED_EDGE('',*,*,#1695,.T.);
#792=ORIENTED_EDGE('',*,*,#1661,.F.);
#793=ORIENTED_EDGE('',*,*,#1690,.F.);
#794=ORIENTED_EDGE('',*,*,#1696,.T.);
#795=ORIENTED_EDGE('',*,*,#1697,.T.);
#796=ORIENTED_EDGE('',*,*,#1698,.F.);
#797=ORIENTED_EDGE('',*,*,#1699,.F.);
#798=ORIENTED_EDGE('',*,*,#1700,.F.);
#799=ORIENTED_EDGE('',*,*,#1701,.T.);
#800=ORIENTED_EDGE('',*,*,#1702,.F.);
#801=ORIENTED_EDGE('',*,*,#1703,.F.);
#802=ORIENTED_EDGE('',*,*,#1658,.F.);
#803=ORIENTED_EDGE('',*,*,#1695,.F.);
#804=ORIENTED_EDGE('',*,*,#1637,.T.);
#805=ORIENTED_EDGE('',*,*,#1605,.T.);
#806=ORIENTED_EDGE('',*,*,#1599,.T.);
#807=ORIENTED_EDGE('',*,*,#1704,.T.);
#808=ORIENTED_EDGE('',*,*,#1705,.T.);
#809=ORIENTED_EDGE('',*,*,#1696,.F.);
#810=ORIENTED_EDGE('',*,*,#1706,.F.);
#811=ORIENTED_EDGE('',*,*,#1707,.T.);
#812=ORIENTED_EDGE('',*,*,#1708,.T.);
#813=ORIENTED_EDGE('',*,*,#1709,.F.);
#814=ORIENTED_EDGE('',*,*,#1710,.F.);
#815=ORIENTED_EDGE('',*,*,#1698,.T.);
#816=ORIENTED_EDGE('',*,*,#1711,.T.);
#817=ORIENTED_EDGE('',*,*,#1707,.F.);
#818=ORIENTED_EDGE('',*,*,#1712,.F.);
#819=ORIENTED_EDGE('',*,*,#1709,.T.);
#820=ORIENTED_EDGE('',*,*,#1706,.T.);
#821=ORIENTED_EDGE('',*,*,#1699,.T.);
#822=ORIENTED_EDGE('',*,*,#1710,.T.);
#823=ORIENTED_EDGE('',*,*,#1712,.T.);
#824=ORIENTED_EDGE('',*,*,#1705,.F.);
#825=ORIENTED_EDGE('',*,*,#1711,.F.);
#826=ORIENTED_EDGE('',*,*,#1708,.F.);
#827=ORIENTED_EDGE('',*,*,#1697,.F.);
#828=ORIENTED_EDGE('',*,*,#1702,.T.);
#829=ORIENTED_EDGE('',*,*,#1713,.T.);
#830=ORIENTED_EDGE('',*,*,#1651,.F.);
#831=ORIENTED_EDGE('',*,*,#1692,.F.);
#832=ORIENTED_EDGE('',*,*,#1714,.F.);
#833=ORIENTED_EDGE('',*,*,#1649,.F.);
#834=ORIENTED_EDGE('',*,*,#1715,.T.);
#835=ORIENTED_EDGE('',*,*,#1666,.F.);
#836=ORIENTED_EDGE('',*,*,#1716,.F.);
#837=ORIENTED_EDGE('',*,*,#1693,.T.);
#838=ORIENTED_EDGE('',*,*,#1717,.T.);
#839=ORIENTED_EDGE('',*,*,#1718,.T.);
#840=ORIENTED_EDGE('',*,*,#1719,.F.);
#841=ORIENTED_EDGE('',*,*,#1694,.T.);
#842=ORIENTED_EDGE('',*,*,#1720,.T.);
#843=ORIENTED_EDGE('',*,*,#1670,.F.);
#844=ORIENTED_EDGE('',*,*,#1721,.F.);
#845=ORIENTED_EDGE('',*,*,#1718,.F.);
#846=ORIENTED_EDGE('',*,*,#1719,.T.);
#847=ORIENTED_EDGE('',*,*,#1721,.T.);
#848=ORIENTED_EDGE('',*,*,#1663,.F.);
#849=ORIENTED_EDGE('',*,*,#1717,.F.);
#850=ORIENTED_EDGE('',*,*,#1716,.T.);
#851=ORIENTED_EDGE('',*,*,#1720,.F.);
#852=ORIENTED_EDGE('',*,*,#1722,.T.);
#853=ORIENTED_EDGE('',*,*,#1691,.F.);
#854=ORIENTED_EDGE('',*,*,#1723,.F.);
#855=ORIENTED_EDGE('',*,*,#1724,.F.);
#856=ORIENTED_EDGE('',*,*,#1725,.T.);
#857=ORIENTED_EDGE('',*,*,#1724,.T.);
#858=ORIENTED_EDGE('',*,*,#1726,.F.);
#859=ORIENTED_EDGE('',*,*,#1703,.T.);
#860=ORIENTED_EDGE('',*,*,#1659,.F.);
#861=ORIENTED_EDGE('',*,*,#1726,.T.);
#862=ORIENTED_EDGE('',*,*,#1723,.T.);
#863=ORIENTED_EDGE('',*,*,#1714,.T.);
#864=ORIENTED_EDGE('',*,*,#1722,.F.);
#865=ORIENTED_EDGE('',*,*,#1725,.F.);
#866=ORIENTED_EDGE('',*,*,#1647,.T.);
#867=ORIENTED_EDGE('',*,*,#1727,.T.);
#868=ORIENTED_EDGE('',*,*,#1593,.F.);
#869=ORIENTED_EDGE('',*,*,#1728,.F.);
#870=ORIENTED_EDGE('',*,*,#1668,.F.);
#871=ORIENTED_EDGE('',*,*,#1729,.T.);
#872=ORIENTED_EDGE('',*,*,#1728,.T.);
#873=ORIENTED_EDGE('',*,*,#1592,.F.);
#874=ORIENTED_EDGE('',*,*,#1657,.T.);
#875=ORIENTED_EDGE('',*,*,#1730,.T.);
#876=ORIENTED_EDGE('',*,*,#1594,.F.);
#877=ORIENTED_EDGE('',*,*,#1727,.F.);
#878=ORIENTED_EDGE('',*,*,#1654,.F.);
#879=ORIENTED_EDGE('',*,*,#1731,.T.);
#880=ORIENTED_EDGE('',*,*,#1732,.T.);
#881=ORIENTED_EDGE('',*,*,#1733,.F.);
#882=ORIENTED_EDGE('',*,*,#1653,.F.);
#883=ORIENTED_EDGE('',*,*,#1734,.T.);
#884=ORIENTED_EDGE('',*,*,#1735,.T.);
#885=ORIENTED_EDGE('',*,*,#1731,.F.);
#886=ORIENTED_EDGE('',*,*,#1734,.F.);
#887=ORIENTED_EDGE('',*,*,#1736,.T.);
#888=ORIENTED_EDGE('',*,*,#1700,.T.);
#889=ORIENTED_EDGE('',*,*,#1737,.T.);
#890=ORIENTED_EDGE('',*,*,#1738,.F.);
#891=ORIENTED_EDGE('',*,*,#1739,.T.);
#892=ORIENTED_EDGE('',*,*,#1740,.T.);
#893=ORIENTED_EDGE('',*,*,#1732,.F.);
#894=ORIENTED_EDGE('',*,*,#1735,.F.);
#895=ORIENTED_EDGE('',*,*,#1737,.F.);
#896=ORIENTED_EDGE('',*,*,#1704,.F.);
#897=ORIENTED_EDGE('',*,*,#1729,.F.);
#898=ORIENTED_EDGE('',*,*,#1667,.F.);
#899=ORIENTED_EDGE('',*,*,#1715,.F.);
#900=ORIENTED_EDGE('',*,*,#1648,.F.);
#901=ORIENTED_EDGE('',*,*,#1736,.F.);
#902=ORIENTED_EDGE('',*,*,#1652,.F.);
#903=ORIENTED_EDGE('',*,*,#1713,.F.);
#904=ORIENTED_EDGE('',*,*,#1701,.F.);
#905=ORIENTED_EDGE('',*,*,#1685,.T.);
#906=ORIENTED_EDGE('',*,*,#1741,.T.);
#907=ORIENTED_EDGE('',*,*,#1742,.T.);
#908=ORIENTED_EDGE('',*,*,#1743,.F.);
#909=ORIENTED_EDGE('',*,*,#1689,.T.);
#910=ORIENTED_EDGE('',*,*,#1744,.T.);
#911=ORIENTED_EDGE('',*,*,#1745,.T.);
#912=ORIENTED_EDGE('',*,*,#1741,.F.);
#913=ORIENTED_EDGE('',*,*,#1688,.T.);
#914=ORIENTED_EDGE('',*,*,#1746,.T.);
#915=ORIENTED_EDGE('',*,*,#1747,.T.);
#916=ORIENTED_EDGE('',*,*,#1744,.F.);
#917=ORIENTED_EDGE('',*,*,#1687,.T.);
#918=ORIENTED_EDGE('',*,*,#1748,.T.);
#919=ORIENTED_EDGE('',*,*,#1749,.T.);
#920=ORIENTED_EDGE('',*,*,#1746,.F.);
#921=ORIENTED_EDGE('',*,*,#1686,.T.);
#922=ORIENTED_EDGE('',*,*,#1743,.T.);
#923=ORIENTED_EDGE('',*,*,#1750,.T.);
#924=ORIENTED_EDGE('',*,*,#1748,.F.);
#925=ORIENTED_EDGE('',*,*,#1751,.F.);
#926=ORIENTED_EDGE('',*,*,#1752,.T.);
#927=ORIENTED_EDGE('',*,*,#1753,.T.);
#928=ORIENTED_EDGE('',*,*,#1754,.T.);
#929=ORIENTED_EDGE('',*,*,#1742,.F.);
#930=ORIENTED_EDGE('',*,*,#1745,.F.);
#931=ORIENTED_EDGE('',*,*,#1747,.F.);
#932=ORIENTED_EDGE('',*,*,#1749,.F.);
#933=ORIENTED_EDGE('',*,*,#1750,.F.);
#934=ORIENTED_EDGE('',*,*,#1680,.T.);
#935=ORIENTED_EDGE('',*,*,#1755,.T.);
#936=ORIENTED_EDGE('',*,*,#1756,.T.);
#937=ORIENTED_EDGE('',*,*,#1757,.F.);
#938=ORIENTED_EDGE('',*,*,#1684,.T.);
#939=ORIENTED_EDGE('',*,*,#1758,.T.);
#940=ORIENTED_EDGE('',*,*,#1759,.T.);
#941=ORIENTED_EDGE('',*,*,#1755,.F.);
#942=ORIENTED_EDGE('',*,*,#1683,.T.);
#943=ORIENTED_EDGE('',*,*,#1760,.T.);
#944=ORIENTED_EDGE('',*,*,#1761,.T.);
#945=ORIENTED_EDGE('',*,*,#1758,.F.);
#946=ORIENTED_EDGE('',*,*,#1682,.T.);
#947=ORIENTED_EDGE('',*,*,#1762,.T.);
#948=ORIENTED_EDGE('',*,*,#1763,.T.);
#949=ORIENTED_EDGE('',*,*,#1760,.F.);
#950=ORIENTED_EDGE('',*,*,#1681,.T.);
#951=ORIENTED_EDGE('',*,*,#1757,.T.);
#952=ORIENTED_EDGE('',*,*,#1764,.T.);
#953=ORIENTED_EDGE('',*,*,#1762,.F.);
#954=ORIENTED_EDGE('',*,*,#1765,.F.);
#955=ORIENTED_EDGE('',*,*,#1766,.T.);
#956=ORIENTED_EDGE('',*,*,#1767,.T.);
#957=ORIENTED_EDGE('',*,*,#1768,.T.);
#958=ORIENTED_EDGE('',*,*,#1756,.F.);
#959=ORIENTED_EDGE('',*,*,#1759,.F.);
#960=ORIENTED_EDGE('',*,*,#1761,.F.);
#961=ORIENTED_EDGE('',*,*,#1763,.F.);
#962=ORIENTED_EDGE('',*,*,#1764,.F.);
#963=ORIENTED_EDGE('',*,*,#1676,.T.);
#964=ORIENTED_EDGE('',*,*,#1769,.T.);
#965=ORIENTED_EDGE('',*,*,#1770,.T.);
#966=ORIENTED_EDGE('',*,*,#1771,.F.);
#967=ORIENTED_EDGE('',*,*,#1679,.T.);
#968=ORIENTED_EDGE('',*,*,#1772,.T.);
#969=ORIENTED_EDGE('',*,*,#1773,.T.);
#970=ORIENTED_EDGE('',*,*,#1769,.F.);
#971=ORIENTED_EDGE('',*,*,#1678,.T.);
#972=ORIENTED_EDGE('',*,*,#1774,.T.);
#973=ORIENTED_EDGE('',*,*,#1775,.T.);
#974=ORIENTED_EDGE('',*,*,#1772,.F.);
#975=ORIENTED_EDGE('',*,*,#1677,.T.);
#976=ORIENTED_EDGE('',*,*,#1771,.T.);
#977=ORIENTED_EDGE('',*,*,#1776,.T.);
#978=ORIENTED_EDGE('',*,*,#1774,.F.);
#979=ORIENTED_EDGE('',*,*,#1777,.F.);
#980=ORIENTED_EDGE('',*,*,#1778,.T.);
#981=ORIENTED_EDGE('',*,*,#1779,.T.);
#982=ORIENTED_EDGE('',*,*,#1780,.T.);
#983=ORIENTED_EDGE('',*,*,#1770,.F.);
#984=ORIENTED_EDGE('',*,*,#1773,.F.);
#985=ORIENTED_EDGE('',*,*,#1775,.F.);
#986=ORIENTED_EDGE('',*,*,#1776,.F.);
#987=ORIENTED_EDGE('',*,*,#1671,.T.);
#988=ORIENTED_EDGE('',*,*,#1781,.T.);
#989=ORIENTED_EDGE('',*,*,#1782,.T.);
#990=ORIENTED_EDGE('',*,*,#1783,.F.);
#991=ORIENTED_EDGE('',*,*,#1675,.T.);
#992=ORIENTED_EDGE('',*,*,#1784,.T.);
#993=ORIENTED_EDGE('',*,*,#1785,.T.);
#994=ORIENTED_EDGE('',*,*,#1781,.F.);
#995=ORIENTED_EDGE('',*,*,#1674,.T.);
#996=ORIENTED_EDGE('',*,*,#1786,.T.);
#997=ORIENTED_EDGE('',*,*,#1787,.T.);
#998=ORIENTED_EDGE('',*,*,#1784,.F.);
#999=ORIENTED_EDGE('',*,*,#1673,.T.);
#1000=ORIENTED_EDGE('',*,*,#1788,.T.);
#1001=ORIENTED_EDGE('',*,*,#1789,.T.);
#1002=ORIENTED_EDGE('',*,*,#1786,.F.);
#1003=ORIENTED_EDGE('',*,*,#1672,.T.);
#1004=ORIENTED_EDGE('',*,*,#1783,.T.);
#1005=ORIENTED_EDGE('',*,*,#1790,.T.);
#1006=ORIENTED_EDGE('',*,*,#1788,.F.);
#1007=ORIENTED_EDGE('',*,*,#1791,.F.);
#1008=ORIENTED_EDGE('',*,*,#1792,.T.);
#1009=ORIENTED_EDGE('',*,*,#1793,.T.);
#1010=ORIENTED_EDGE('',*,*,#1794,.T.);
#1011=ORIENTED_EDGE('',*,*,#1782,.F.);
#1012=ORIENTED_EDGE('',*,*,#1785,.F.);
#1013=ORIENTED_EDGE('',*,*,#1787,.F.);
#1014=ORIENTED_EDGE('',*,*,#1789,.F.);
#1015=ORIENTED_EDGE('',*,*,#1790,.F.);
#1016=ORIENTED_EDGE('',*,*,#1795,.T.);
#1017=ORIENTED_EDGE('',*,*,#1644,.T.);
#1018=ORIENTED_EDGE('',*,*,#1796,.F.);
#1019=ORIENTED_EDGE('',*,*,#1797,.F.);
#1020=ORIENTED_EDGE('',*,*,#1798,.T.);
#1021=ORIENTED_EDGE('',*,*,#1797,.T.);
#1022=ORIENTED_EDGE('',*,*,#1799,.F.);
#1023=ORIENTED_EDGE('',*,*,#1800,.F.);
#1024=ORIENTED_EDGE('',*,*,#1801,.T.);
#1025=ORIENTED_EDGE('',*,*,#1800,.T.);
#1026=ORIENTED_EDGE('',*,*,#1802,.F.);
#1027=ORIENTED_EDGE('',*,*,#1646,.F.);
#1028=ORIENTED_EDGE('',*,*,#1796,.T.);
#1029=ORIENTED_EDGE('',*,*,#1643,.T.);
#1030=ORIENTED_EDGE('',*,*,#1802,.T.);
#1031=ORIENTED_EDGE('',*,*,#1799,.T.);
#1032=ORIENTED_EDGE('',*,*,#1795,.F.);
#1033=ORIENTED_EDGE('',*,*,#1798,.F.);
#1034=ORIENTED_EDGE('',*,*,#1801,.F.);
#1035=ORIENTED_EDGE('',*,*,#1645,.F.);
#1036=ORIENTED_EDGE('',*,*,#1803,.T.);
#1037=ORIENTED_EDGE('',*,*,#1640,.T.);
#1038=ORIENTED_EDGE('',*,*,#1804,.F.);
#1039=ORIENTED_EDGE('',*,*,#1805,.F.);
#1040=ORIENTED_EDGE('',*,*,#1806,.T.);
#1041=ORIENTED_EDGE('',*,*,#1805,.T.);
#1042=ORIENTED_EDGE('',*,*,#1807,.F.);
#1043=ORIENTED_EDGE('',*,*,#1808,.F.);
#1044=ORIENTED_EDGE('',*,*,#1809,.T.);
#1045=ORIENTED_EDGE('',*,*,#1808,.T.);
#1046=ORIENTED_EDGE('',*,*,#1810,.F.);
#1047=ORIENTED_EDGE('',*,*,#1642,.F.);
#1048=ORIENTED_EDGE('',*,*,#1804,.T.);
#1049=ORIENTED_EDGE('',*,*,#1639,.T.);
#1050=ORIENTED_EDGE('',*,*,#1810,.T.);
#1051=ORIENTED_EDGE('',*,*,#1807,.T.);
#1052=ORIENTED_EDGE('',*,*,#1803,.F.);
#1053=ORIENTED_EDGE('',*,*,#1806,.F.);
#1054=ORIENTED_EDGE('',*,*,#1809,.F.);
#1055=ORIENTED_EDGE('',*,*,#1641,.F.);
#1056=ORIENTED_EDGE('',*,*,#1811,.T.);
#1057=ORIENTED_EDGE('',*,*,#1812,.T.);
#1058=ORIENTED_EDGE('',*,*,#1813,.T.);
#1059=ORIENTED_EDGE('',*,*,#1814,.T.);
#1060=ORIENTED_EDGE('',*,*,#1815,.T.);
#1061=ORIENTED_EDGE('',*,*,#1816,.T.);
#1062=ORIENTED_EDGE('',*,*,#1817,.T.);
#1063=ORIENTED_EDGE('',*,*,#1751,.T.);
#1064=ORIENTED_EDGE('',*,*,#1818,.F.);
#1065=ORIENTED_EDGE('',*,*,#1819,.T.);
#1066=ORIENTED_EDGE('',*,*,#1820,.F.);
#1067=ORIENTED_EDGE('',*,*,#1753,.F.);
#1068=ORIENTED_EDGE('',*,*,#1820,.T.);
#1069=ORIENTED_EDGE('',*,*,#1821,.T.);
#1070=ORIENTED_EDGE('',*,*,#1815,.F.);
#1071=ORIENTED_EDGE('',*,*,#1754,.F.);
#1072=ORIENTED_EDGE('',*,*,#1817,.F.);
#1073=ORIENTED_EDGE('',*,*,#1822,.T.);
#1074=ORIENTED_EDGE('',*,*,#1818,.T.);
#1075=ORIENTED_EDGE('',*,*,#1752,.F.);
#1076=ORIENTED_EDGE('',*,*,#1823,.T.);
#1077=ORIENTED_EDGE('',*,*,#1824,.T.);
#1078=ORIENTED_EDGE('',*,*,#1825,.F.);
#1079=ORIENTED_EDGE('',*,*,#1617,.T.);
#1080=ORIENTED_EDGE('',*,*,#1826,.F.);
#1081=ORIENTED_EDGE('',*,*,#1827,.T.);
#1082=ORIENTED_EDGE('',*,*,#1828,.T.);
#1083=ORIENTED_EDGE('',*,*,#1619,.T.);
#1084=ORIENTED_EDGE('',*,*,#1825,.T.);
#1085=ORIENTED_EDGE('',*,*,#1829,.T.);
#1086=ORIENTED_EDGE('',*,*,#1826,.T.);
#1087=ORIENTED_EDGE('',*,*,#1618,.F.);
#1088=ORIENTED_EDGE('',*,*,#1828,.F.);
#1089=ORIENTED_EDGE('',*,*,#1830,.T.);
#1090=ORIENTED_EDGE('',*,*,#1823,.F.);
#1091=ORIENTED_EDGE('',*,*,#1620,.T.);
#1092=ORIENTED_EDGE('',*,*,#1831,.T.);
#1093=ORIENTED_EDGE('',*,*,#1832,.T.);
#1094=ORIENTED_EDGE('',*,*,#1833,.T.);
#1095=ORIENTED_EDGE('',*,*,#1834,.T.);
#1096=ORIENTED_EDGE('',*,*,#1835,.F.);
#1097=ORIENTED_EDGE('',*,*,#1834,.F.);
#1098=ORIENTED_EDGE('',*,*,#1836,.F.);
#1099=ORIENTED_EDGE('',*,*,#1824,.F.);
#1100=ORIENTED_EDGE('',*,*,#1836,.T.);
#1101=ORIENTED_EDGE('',*,*,#1833,.F.);
#1102=ORIENTED_EDGE('',*,*,#1837,.F.);
#1103=ORIENTED_EDGE('',*,*,#1829,.F.);
#1104=ORIENTED_EDGE('',*,*,#1835,.T.);
#1105=ORIENTED_EDGE('',*,*,#1830,.F.);
#1106=ORIENTED_EDGE('',*,*,#1838,.F.);
#1107=ORIENTED_EDGE('',*,*,#1831,.F.);
#1108=ORIENTED_EDGE('',*,*,#1837,.T.);
#1109=ORIENTED_EDGE('',*,*,#1832,.F.);
#1110=ORIENTED_EDGE('',*,*,#1838,.T.);
#1111=ORIENTED_EDGE('',*,*,#1827,.F.);
#1112=ORIENTED_EDGE('',*,*,#1839,.F.);
#1113=ORIENTED_EDGE('',*,*,#1822,.F.);
#1114=ORIENTED_EDGE('',*,*,#1840,.F.);
#1115=ORIENTED_EDGE('',*,*,#1814,.F.);
#1116=ORIENTED_EDGE('',*,*,#1840,.T.);
#1117=ORIENTED_EDGE('',*,*,#1816,.F.);
#1118=ORIENTED_EDGE('',*,*,#1841,.F.);
#1119=ORIENTED_EDGE('',*,*,#1811,.F.);
#1120=ORIENTED_EDGE('',*,*,#1839,.T.);
#1121=ORIENTED_EDGE('',*,*,#1813,.F.);
#1122=ORIENTED_EDGE('',*,*,#1842,.F.);
#1123=ORIENTED_EDGE('',*,*,#1819,.F.);
#1124=ORIENTED_EDGE('',*,*,#1841,.T.);
#1125=ORIENTED_EDGE('',*,*,#1821,.F.);
#1126=ORIENTED_EDGE('',*,*,#1842,.T.);
#1127=ORIENTED_EDGE('',*,*,#1812,.F.);
#1128=ORIENTED_EDGE('',*,*,#1843,.T.);
#1129=ORIENTED_EDGE('',*,*,#1844,.T.);
#1130=ORIENTED_EDGE('',*,*,#1845,.T.);
#1131=ORIENTED_EDGE('',*,*,#1846,.T.);
#1132=ORIENTED_EDGE('',*,*,#1847,.T.);
#1133=ORIENTED_EDGE('',*,*,#1848,.T.);
#1134=ORIENTED_EDGE('',*,*,#1849,.T.);
#1135=ORIENTED_EDGE('',*,*,#1765,.T.);
#1136=ORIENTED_EDGE('',*,*,#1850,.F.);
#1137=ORIENTED_EDGE('',*,*,#1851,.T.);
#1138=ORIENTED_EDGE('',*,*,#1852,.F.);
#1139=ORIENTED_EDGE('',*,*,#1767,.F.);
#1140=ORIENTED_EDGE('',*,*,#1852,.T.);
#1141=ORIENTED_EDGE('',*,*,#1853,.T.);
#1142=ORIENTED_EDGE('',*,*,#1847,.F.);
#1143=ORIENTED_EDGE('',*,*,#1768,.F.);
#1144=ORIENTED_EDGE('',*,*,#1849,.F.);
#1145=ORIENTED_EDGE('',*,*,#1854,.T.);
#1146=ORIENTED_EDGE('',*,*,#1850,.T.);
#1147=ORIENTED_EDGE('',*,*,#1766,.F.);
#1148=ORIENTED_EDGE('',*,*,#1855,.T.);
#1149=ORIENTED_EDGE('',*,*,#1856,.T.);
#1150=ORIENTED_EDGE('',*,*,#1857,.F.);
#1151=ORIENTED_EDGE('',*,*,#1621,.T.);
#1152=ORIENTED_EDGE('',*,*,#1858,.F.);
#1153=ORIENTED_EDGE('',*,*,#1859,.T.);
#1154=ORIENTED_EDGE('',*,*,#1860,.T.);
#1155=ORIENTED_EDGE('',*,*,#1623,.T.);
#1156=ORIENTED_EDGE('',*,*,#1857,.T.);
#1157=ORIENTED_EDGE('',*,*,#1861,.T.);
#1158=ORIENTED_EDGE('',*,*,#1858,.T.);
#1159=ORIENTED_EDGE('',*,*,#1622,.F.);
#1160=ORIENTED_EDGE('',*,*,#1860,.F.);
#1161=ORIENTED_EDGE('',*,*,#1862,.T.);
#1162=ORIENTED_EDGE('',*,*,#1855,.F.);
#1163=ORIENTED_EDGE('',*,*,#1624,.T.);
#1164=ORIENTED_EDGE('',*,*,#1863,.T.);
#1165=ORIENTED_EDGE('',*,*,#1864,.T.);
#1166=ORIENTED_EDGE('',*,*,#1865,.T.);
#1167=ORIENTED_EDGE('',*,*,#1866,.T.);
#1168=ORIENTED_EDGE('',*,*,#1867,.F.);
#1169=ORIENTED_EDGE('',*,*,#1866,.F.);
#1170=ORIENTED_EDGE('',*,*,#1868,.F.);
#1171=ORIENTED_EDGE('',*,*,#1856,.F.);
#1172=ORIENTED_EDGE('',*,*,#1868,.T.);
#1173=ORIENTED_EDGE('',*,*,#1865,.F.);
#1174=ORIENTED_EDGE('',*,*,#1869,.F.);
#1175=ORIENTED_EDGE('',*,*,#1861,.F.);
#1176=ORIENTED_EDGE('',*,*,#1867,.T.);
#1177=ORIENTED_EDGE('',*,*,#1862,.F.);
#1178=ORIENTED_EDGE('',*,*,#1870,.F.);
#1179=ORIENTED_EDGE('',*,*,#1863,.F.);
#1180=ORIENTED_EDGE('',*,*,#1869,.T.);
#1181=ORIENTED_EDGE('',*,*,#1864,.F.);
#1182=ORIENTED_EDGE('',*,*,#1870,.T.);
#1183=ORIENTED_EDGE('',*,*,#1859,.F.);
#1184=ORIENTED_EDGE('',*,*,#1871,.F.);
#1185=ORIENTED_EDGE('',*,*,#1854,.F.);
#1186=ORIENTED_EDGE('',*,*,#1872,.F.);
#1187=ORIENTED_EDGE('',*,*,#1846,.F.);
#1188=ORIENTED_EDGE('',*,*,#1872,.T.);
#1189=ORIENTED_EDGE('',*,*,#1848,.F.);
#1190=ORIENTED_EDGE('',*,*,#1873,.F.);
#1191=ORIENTED_EDGE('',*,*,#1843,.F.);
#1192=ORIENTED_EDGE('',*,*,#1871,.T.);
#1193=ORIENTED_EDGE('',*,*,#1845,.F.);
#1194=ORIENTED_EDGE('',*,*,#1874,.F.);
#1195=ORIENTED_EDGE('',*,*,#1851,.F.);
#1196=ORIENTED_EDGE('',*,*,#1873,.T.);
#1197=ORIENTED_EDGE('',*,*,#1853,.F.);
#1198=ORIENTED_EDGE('',*,*,#1874,.T.);
#1199=ORIENTED_EDGE('',*,*,#1844,.F.);
#1200=ORIENTED_EDGE('',*,*,#1875,.T.);
#1201=ORIENTED_EDGE('',*,*,#1876,.T.);
#1202=ORIENTED_EDGE('',*,*,#1877,.T.);
#1203=ORIENTED_EDGE('',*,*,#1878,.T.);
#1204=ORIENTED_EDGE('',*,*,#1879,.T.);
#1205=ORIENTED_EDGE('',*,*,#1880,.T.);
#1206=ORIENTED_EDGE('',*,*,#1881,.T.);
#1207=ORIENTED_EDGE('',*,*,#1777,.T.);
#1208=ORIENTED_EDGE('',*,*,#1882,.F.);
#1209=ORIENTED_EDGE('',*,*,#1883,.T.);
#1210=ORIENTED_EDGE('',*,*,#1884,.F.);
#1211=ORIENTED_EDGE('',*,*,#1779,.F.);
#1212=ORIENTED_EDGE('',*,*,#1884,.T.);
#1213=ORIENTED_EDGE('',*,*,#1885,.T.);
#1214=ORIENTED_EDGE('',*,*,#1879,.F.);
#1215=ORIENTED_EDGE('',*,*,#1780,.F.);
#1216=ORIENTED_EDGE('',*,*,#1881,.F.);
#1217=ORIENTED_EDGE('',*,*,#1886,.T.);
#1218=ORIENTED_EDGE('',*,*,#1882,.T.);
#1219=ORIENTED_EDGE('',*,*,#1778,.F.);
#1220=ORIENTED_EDGE('',*,*,#1887,.T.);
#1221=ORIENTED_EDGE('',*,*,#1888,.T.);
#1222=ORIENTED_EDGE('',*,*,#1889,.F.);
#1223=ORIENTED_EDGE('',*,*,#1625,.T.);
#1224=ORIENTED_EDGE('',*,*,#1890,.F.);
#1225=ORIENTED_EDGE('',*,*,#1891,.T.);
#1226=ORIENTED_EDGE('',*,*,#1892,.T.);
#1227=ORIENTED_EDGE('',*,*,#1627,.T.);
#1228=ORIENTED_EDGE('',*,*,#1889,.T.);
#1229=ORIENTED_EDGE('',*,*,#1893,.T.);
#1230=ORIENTED_EDGE('',*,*,#1890,.T.);
#1231=ORIENTED_EDGE('',*,*,#1626,.F.);
#1232=ORIENTED_EDGE('',*,*,#1892,.F.);
#1233=ORIENTED_EDGE('',*,*,#1894,.T.);
#1234=ORIENTED_EDGE('',*,*,#1887,.F.);
#1235=ORIENTED_EDGE('',*,*,#1628,.T.);
#1236=ORIENTED_EDGE('',*,*,#1895,.T.);
#1237=ORIENTED_EDGE('',*,*,#1896,.T.);
#1238=ORIENTED_EDGE('',*,*,#1897,.T.);
#1239=ORIENTED_EDGE('',*,*,#1898,.T.);
#1240=ORIENTED_EDGE('',*,*,#1899,.F.);
#1241=ORIENTED_EDGE('',*,*,#1898,.F.);
#1242=ORIENTED_EDGE('',*,*,#1900,.F.);
#1243=ORIENTED_EDGE('',*,*,#1888,.F.);
#1244=ORIENTED_EDGE('',*,*,#1900,.T.);
#1245=ORIENTED_EDGE('',*,*,#1897,.F.);
#1246=ORIENTED_EDGE('',*,*,#1901,.F.);
#1247=ORIENTED_EDGE('',*,*,#1893,.F.);
#1248=ORIENTED_EDGE('',*,*,#1899,.T.);
#1249=ORIENTED_EDGE('',*,*,#1894,.F.);
#1250=ORIENTED_EDGE('',*,*,#1902,.F.);
#1251=ORIENTED_EDGE('',*,*,#1895,.F.);
#1252=ORIENTED_EDGE('',*,*,#1901,.T.);
#1253=ORIENTED_EDGE('',*,*,#1896,.F.);
#1254=ORIENTED_EDGE('',*,*,#1902,.T.);
#1255=ORIENTED_EDGE('',*,*,#1891,.F.);
#1256=ORIENTED_EDGE('',*,*,#1903,.F.);
#1257=ORIENTED_EDGE('',*,*,#1886,.F.);
#1258=ORIENTED_EDGE('',*,*,#1904,.F.);
#1259=ORIENTED_EDGE('',*,*,#1878,.F.);
#1260=ORIENTED_EDGE('',*,*,#1904,.T.);
#1261=ORIENTED_EDGE('',*,*,#1880,.F.);
#1262=ORIENTED_EDGE('',*,*,#1905,.F.);
#1263=ORIENTED_EDGE('',*,*,#1875,.F.);
#1264=ORIENTED_EDGE('',*,*,#1903,.T.);
#1265=ORIENTED_EDGE('',*,*,#1877,.F.);
#1266=ORIENTED_EDGE('',*,*,#1906,.F.);
#1267=ORIENTED_EDGE('',*,*,#1883,.F.);
#1268=ORIENTED_EDGE('',*,*,#1905,.T.);
#1269=ORIENTED_EDGE('',*,*,#1885,.F.);
#1270=ORIENTED_EDGE('',*,*,#1906,.T.);
#1271=ORIENTED_EDGE('',*,*,#1876,.F.);
#1272=ORIENTED_EDGE('',*,*,#1907,.T.);
#1273=ORIENTED_EDGE('',*,*,#1908,.T.);
#1274=ORIENTED_EDGE('',*,*,#1909,.T.);
#1275=ORIENTED_EDGE('',*,*,#1910,.T.);
#1276=ORIENTED_EDGE('',*,*,#1911,.T.);
#1277=ORIENTED_EDGE('',*,*,#1912,.T.);
#1278=ORIENTED_EDGE('',*,*,#1913,.T.);
#1279=ORIENTED_EDGE('',*,*,#1791,.T.);
#1280=ORIENTED_EDGE('',*,*,#1914,.F.);
#1281=ORIENTED_EDGE('',*,*,#1915,.T.);
#1282=ORIENTED_EDGE('',*,*,#1916,.F.);
#1283=ORIENTED_EDGE('',*,*,#1793,.F.);
#1284=ORIENTED_EDGE('',*,*,#1916,.T.);
#1285=ORIENTED_EDGE('',*,*,#1917,.T.);
#1286=ORIENTED_EDGE('',*,*,#1911,.F.);
#1287=ORIENTED_EDGE('',*,*,#1794,.F.);
#1288=ORIENTED_EDGE('',*,*,#1913,.F.);
#1289=ORIENTED_EDGE('',*,*,#1918,.T.);
#1290=ORIENTED_EDGE('',*,*,#1914,.T.);
#1291=ORIENTED_EDGE('',*,*,#1792,.F.);
#1292=ORIENTED_EDGE('',*,*,#1919,.T.);
#1293=ORIENTED_EDGE('',*,*,#1920,.T.);
#1294=ORIENTED_EDGE('',*,*,#1921,.F.);
#1295=ORIENTED_EDGE('',*,*,#1629,.T.);
#1296=ORIENTED_EDGE('',*,*,#1922,.F.);
#1297=ORIENTED_EDGE('',*,*,#1923,.T.);
#1298=ORIENTED_EDGE('',*,*,#1924,.T.);
#1299=ORIENTED_EDGE('',*,*,#1631,.T.);
#1300=ORIENTED_EDGE('',*,*,#1921,.T.);
#1301=ORIENTED_EDGE('',*,*,#1925,.T.);
#1302=ORIENTED_EDGE('',*,*,#1922,.T.);
#1303=ORIENTED_EDGE('',*,*,#1630,.F.);
#1304=ORIENTED_EDGE('',*,*,#1924,.F.);
#1305=ORIENTED_EDGE('',*,*,#1926,.T.);
#1306=ORIENTED_EDGE('',*,*,#1919,.F.);
#1307=ORIENTED_EDGE('',*,*,#1632,.T.);
#1308=ORIENTED_EDGE('',*,*,#1927,.T.);
#1309=ORIENTED_EDGE('',*,*,#1928,.T.);
#1310=ORIENTED_EDGE('',*,*,#1929,.T.);
#1311=ORIENTED_EDGE('',*,*,#1930,.T.);
#1312=ORIENTED_EDGE('',*,*,#1931,.F.);
#1313=ORIENTED_EDGE('',*,*,#1930,.F.);
#1314=ORIENTED_EDGE('',*,*,#1932,.F.);
#1315=ORIENTED_EDGE('',*,*,#1920,.F.);
#1316=ORIENTED_EDGE('',*,*,#1932,.T.);
#1317=ORIENTED_EDGE('',*,*,#1929,.F.);
#1318=ORIENTED_EDGE('',*,*,#1933,.F.);
#1319=ORIENTED_EDGE('',*,*,#1925,.F.);
#1320=ORIENTED_EDGE('',*,*,#1931,.T.);
#1321=ORIENTED_EDGE('',*,*,#1926,.F.);
#1322=ORIENTED_EDGE('',*,*,#1934,.F.);
#1323=ORIENTED_EDGE('',*,*,#1927,.F.);
#1324=ORIENTED_EDGE('',*,*,#1933,.T.);
#1325=ORIENTED_EDGE('',*,*,#1928,.F.);
#1326=ORIENTED_EDGE('',*,*,#1934,.T.);
#1327=ORIENTED_EDGE('',*,*,#1923,.F.);
#1328=ORIENTED_EDGE('',*,*,#1935,.F.);
#1329=ORIENTED_EDGE('',*,*,#1918,.F.);
#1330=ORIENTED_EDGE('',*,*,#1936,.F.);
#1331=ORIENTED_EDGE('',*,*,#1910,.F.);
#1332=ORIENTED_EDGE('',*,*,#1936,.T.);
#1333=ORIENTED_EDGE('',*,*,#1912,.F.);
#1334=ORIENTED_EDGE('',*,*,#1937,.F.);
#1335=ORIENTED_EDGE('',*,*,#1907,.F.);
#1336=ORIENTED_EDGE('',*,*,#1935,.T.);
#1337=ORIENTED_EDGE('',*,*,#1909,.F.);
#1338=ORIENTED_EDGE('',*,*,#1938,.F.);
#1339=ORIENTED_EDGE('',*,*,#1915,.F.);
#1340=ORIENTED_EDGE('',*,*,#1937,.T.);
#1341=ORIENTED_EDGE('',*,*,#1917,.F.);
#1342=ORIENTED_EDGE('',*,*,#1938,.T.);
#1343=ORIENTED_EDGE('',*,*,#1908,.F.);
#1344=ORIENTED_EDGE('',*,*,#1655,.F.);
#1345=ORIENTED_EDGE('',*,*,#1733,.T.);
#1346=ORIENTED_EDGE('',*,*,#1740,.F.);
#1347=ORIENTED_EDGE('',*,*,#1939,.F.);
#1348=ORIENTED_EDGE('',*,*,#1739,.F.);
#1349=ORIENTED_EDGE('',*,*,#1600,.F.);
#1350=ORIENTED_EDGE('',*,*,#1603,.T.);
#1351=ORIENTED_EDGE('',*,*,#1636,.T.);
#1352=ORIENTED_EDGE('',*,*,#1939,.T.);
#1353=ORIENTED_EDGE('',*,*,#1730,.F.);
#1354=ORIENTED_EDGE('',*,*,#1656,.F.);
#1355=ORIENTED_EDGE('',*,*,#1940,.T.);
#1356=ORIENTED_EDGE('',*,*,#1595,.F.);
#1357=ORIENTED_EDGE('',*,*,#1596,.F.);
#1358=ORIENTED_EDGE('',*,*,#1940,.F.);
#1359=ORIENTED_EDGE('',*,*,#1634,.F.);
#1360=ORIENTED_EDGE('',*,*,#1615,.T.);
#1361=ORIENTED_EDGE('',*,*,#1609,.T.);
#1362=ORIENTED_EDGE('',*,*,#1614,.F.);
#1363=ORIENTED_EDGE('',*,*,#1612,.F.);
#1364=ORIENTED_EDGE('',*,*,#1607,.F.);
#1365=ORIENTED_EDGE('',*,*,#1611,.F.);
#1366=ORIENTED_EDGE('',*,*,#1590,.T.);
#1367=ORIENTED_EDGE('',*,*,#1608,.F.);
#1368=ORIENTED_EDGE('',*,*,#1604,.F.);
#1369=ORIENTED_EDGE('',*,*,#1602,.F.);
#1370=ORIENTED_EDGE('',*,*,#1597,.F.);
#1371=ORIENTED_EDGE('',*,*,#1601,.F.);
#1372=ORIENTED_EDGE('',*,*,#1738,.T.);
#1373=ORIENTED_EDGE('',*,*,#1598,.F.);
#1374=VERTEX_POINT('',#3455);
#1375=VERTEX_POINT('',#3456);
#1376=VERTEX_POINT('',#3458);
#1377=VERTEX_POINT('',#3460);
#1378=VERTEX_POINT('',#3462);
#1379=VERTEX_POINT('',#3464);
#1380=VERTEX_POINT('',#3466);
#1381=VERTEX_POINT('',#3470);
#1382=VERTEX_POINT('',#3471);
#1383=VERTEX_POINT('',#3473);
#1384=VERTEX_POINT('',#3477);
#1385=VERTEX_POINT('',#3478);
#1386=VERTEX_POINT('',#3483);
#1387=VERTEX_POINT('',#3486);
#1388=VERTEX_POINT('',#3490);
#1389=VERTEX_POINT('',#3491);
#1390=VERTEX_POINT('',#3496);
#1391=VERTEX_POINT('',#3501);
#1392=VERTEX_POINT('',#3504);
#1393=VERTEX_POINT('',#3508);
#1394=VERTEX_POINT('',#3509);
#1395=VERTEX_POINT('',#3511);
#1396=VERTEX_POINT('',#3513);
#1397=VERTEX_POINT('',#3516);
#1398=VERTEX_POINT('',#3517);
#1399=VERTEX_POINT('',#3519);
#1400=VERTEX_POINT('',#3521);
#1401=VERTEX_POINT('',#3524);
#1402=VERTEX_POINT('',#3525);
#1403=VERTEX_POINT('',#3527);
#1404=VERTEX_POINT('',#3529);
#1405=VERTEX_POINT('',#3532);
#1406=VERTEX_POINT('',#3533);
#1407=VERTEX_POINT('',#3535);
#1408=VERTEX_POINT('',#3537);
#1409=VERTEX_POINT('',#3540);
#1410=VERTEX_POINT('',#3542);
#1411=VERTEX_POINT('',#3544);
#1412=VERTEX_POINT('',#3547);
#1413=VERTEX_POINT('',#3551);
#1414=VERTEX_POINT('',#3552);
#1415=VERTEX_POINT('',#3554);
#1416=VERTEX_POINT('',#3556);
#1417=VERTEX_POINT('',#3559);
#1418=VERTEX_POINT('',#3560);
#1419=VERTEX_POINT('',#3562);
#1420=VERTEX_POINT('',#3564);
#1421=VERTEX_POINT('',#3567);
#1422=VERTEX_POINT('',#3568);
#1423=VERTEX_POINT('',#3570);
#1424=VERTEX_POINT('',#3572);
#1425=VERTEX_POINT('',#3574);
#1426=VERTEX_POINT('',#3576);
#1427=VERTEX_POINT('',#3578);
#1428=VERTEX_POINT('',#3580);
#1429=VERTEX_POINT('',#3582);
#1430=VERTEX_POINT('',#3585);
#1431=VERTEX_POINT('',#3589);
#1432=VERTEX_POINT('',#3590);
#1433=VERTEX_POINT('',#3592);
#1434=VERTEX_POINT('',#3594);
#1435=VERTEX_POINT('',#3598);
#1436=VERTEX_POINT('',#3599);
#1437=VERTEX_POINT('',#3601);
#1438=VERTEX_POINT('',#3603);
#1439=VERTEX_POINT('',#3607);
#1440=VERTEX_POINT('',#3608);
#1441=VERTEX_POINT('',#3610);
#1442=VERTEX_POINT('',#3616);
#1443=VERTEX_POINT('',#3617);
#1444=VERTEX_POINT('',#3619);
#1445=VERTEX_POINT('',#3621);
#1446=VERTEX_POINT('',#3623);
#1447=VERTEX_POINT('',#3626);
#1448=VERTEX_POINT('',#3627);
#1449=VERTEX_POINT('',#3629);
#1450=VERTEX_POINT('',#3631);
#1451=VERTEX_POINT('',#3634);
#1452=VERTEX_POINT('',#3635);
#1453=VERTEX_POINT('',#3637);
#1454=VERTEX_POINT('',#3639);
#1455=VERTEX_POINT('',#3641);
#1456=VERTEX_POINT('',#3644);
#1457=VERTEX_POINT('',#3645);
#1458=VERTEX_POINT('',#3647);
#1459=VERTEX_POINT('',#3649);
#1460=VERTEX_POINT('',#3651);
#1461=VERTEX_POINT('',#3655);
#1462=VERTEX_POINT('',#3658);
#1463=VERTEX_POINT('',#3663);
#1464=VERTEX_POINT('',#3664);
#1465=VERTEX_POINT('',#3666);
#1466=VERTEX_POINT('',#3668);
#1467=VERTEX_POINT('',#3672);
#1468=VERTEX_POINT('',#3673);
#1469=VERTEX_POINT('',#3675);
#1470=VERTEX_POINT('',#3677);
#1471=VERTEX_POINT('',#3682);
#1472=VERTEX_POINT('',#3684);
#1473=VERTEX_POINT('',#3688);
#1474=VERTEX_POINT('',#3690);
#1475=VERTEX_POINT('',#3705);
#1476=VERTEX_POINT('',#3707);
#1477=VERTEX_POINT('',#3716);
#1478=VERTEX_POINT('',#3718);
#1479=VERTEX_POINT('',#3734);
#1480=VERTEX_POINT('',#3736);
#1481=VERTEX_POINT('',#3740);
#1482=VERTEX_POINT('',#3748);
#1483=VERTEX_POINT('',#3754);
#1484=VERTEX_POINT('',#3756);
#1485=VERTEX_POINT('',#3760);
#1486=VERTEX_POINT('',#3764);
#1487=VERTEX_POINT('',#3768);
#1488=VERTEX_POINT('',#3774);
#1489=VERTEX_POINT('',#3775);
#1490=VERTEX_POINT('',#3777);
#1491=VERTEX_POINT('',#3779);
#1492=VERTEX_POINT('',#3783);
#1493=VERTEX_POINT('',#3785);
#1494=VERTEX_POINT('',#3789);
#1495=VERTEX_POINT('',#3793);
#1496=VERTEX_POINT('',#3797);
#1497=VERTEX_POINT('',#3803);
#1498=VERTEX_POINT('',#3804);
#1499=VERTEX_POINT('',#3806);
#1500=VERTEX_POINT('',#3808);
#1501=VERTEX_POINT('',#3812);
#1502=VERTEX_POINT('',#3814);
#1503=VERTEX_POINT('',#3818);
#1504=VERTEX_POINT('',#3822);
#1505=VERTEX_POINT('',#3828);
#1506=VERTEX_POINT('',#3829);
#1507=VERTEX_POINT('',#3831);
#1508=VERTEX_POINT('',#3833);
#1509=VERTEX_POINT('',#3837);
#1510=VERTEX_POINT('',#3839);
#1511=VERTEX_POINT('',#3843);
#1512=VERTEX_POINT('',#3847);
#1513=VERTEX_POINT('',#3851);
#1514=VERTEX_POINT('',#3857);
#1515=VERTEX_POINT('',#3858);
#1516=VERTEX_POINT('',#3860);
#1517=VERTEX_POINT('',#3862);
#1518=VERTEX_POINT('',#3866);
#1519=VERTEX_POINT('',#3868);
#1520=VERTEX_POINT('',#3872);
#1521=VERTEX_POINT('',#3874);
#1522=VERTEX_POINT('',#3883);
#1523=VERTEX_POINT('',#3885);
#1524=VERTEX_POINT('',#3889);
#1525=VERTEX_POINT('',#3891);
#1526=VERTEX_POINT('',#3900);
#1527=VERTEX_POINT('',#3901);
#1528=VERTEX_POINT('',#3903);
#1529=VERTEX_POINT('',#3905);
#1530=VERTEX_POINT('',#3909);
#1531=VERTEX_POINT('',#3911);
#1532=VERTEX_POINT('',#3915);
#1533=VERTEX_POINT('',#3917);
#1534=VERTEX_POINT('',#3925);
#1535=VERTEX_POINT('',#3927);
#1536=VERTEX_POINT('',#3931);
#1537=VERTEX_POINT('',#3933);
#1538=VERTEX_POINT('',#3941);
#1539=VERTEX_POINT('',#3942);
#1540=VERTEX_POINT('',#3944);
#1541=VERTEX_POINT('',#3946);
#1542=VERTEX_POINT('',#3966);
#1543=VERTEX_POINT('',#3967);
#1544=VERTEX_POINT('',#3969);
#1545=VERTEX_POINT('',#3971);
#1546=VERTEX_POINT('',#3975);
#1547=VERTEX_POINT('',#3977);
#1548=VERTEX_POINT('',#3981);
#1549=VERTEX_POINT('',#3983);
#1550=VERTEX_POINT('',#3991);
#1551=VERTEX_POINT('',#3993);
#1552=VERTEX_POINT('',#3997);
#1553=VERTEX_POINT('',#3999);
#1554=VERTEX_POINT('',#4007);
#1555=VERTEX_POINT('',#4008);
#1556=VERTEX_POINT('',#4010);
#1557=VERTEX_POINT('',#4012);
#1558=VERTEX_POINT('',#4032);
#1559=VERTEX_POINT('',#4033);
#1560=VERTEX_POINT('',#4035);
#1561=VERTEX_POINT('',#4037);
#1562=VERTEX_POINT('',#4041);
#1563=VERTEX_POINT('',#4043);
#1564=VERTEX_POINT('',#4047);
#1565=VERTEX_POINT('',#4049);
#1566=VERTEX_POINT('',#4057);
#1567=VERTEX_POINT('',#4059);
#1568=VERTEX_POINT('',#4063);
#1569=VERTEX_POINT('',#4065);
#1570=VERTEX_POINT('',#4073);
#1571=VERTEX_POINT('',#4074);
#1572=VERTEX_POINT('',#4076);
#1573=VERTEX_POINT('',#4078);
#1574=VERTEX_POINT('',#4098);
#1575=VERTEX_POINT('',#4099);
#1576=VERTEX_POINT('',#4101);
#1577=VERTEX_POINT('',#4103);
#1578=VERTEX_POINT('',#4107);
#1579=VERTEX_POINT('',#4109);
#1580=VERTEX_POINT('',#4113);
#1581=VERTEX_POINT('',#4115);
#1582=VERTEX_POINT('',#4123);
#1583=VERTEX_POINT('',#4125);
#1584=VERTEX_POINT('',#4129);
#1585=VERTEX_POINT('',#4131);
#1586=VERTEX_POINT('',#4139);
#1587=VERTEX_POINT('',#4140);
#1588=VERTEX_POINT('',#4142);
#1589=VERTEX_POINT('',#4144);
#1590=EDGE_CURVE('',#1374,#1375,#1941,.T.);
#1591=EDGE_CURVE('',#1374,#1376,#1942,.T.);
#1592=EDGE_CURVE('',#1376,#1377,#1943,.T.);
#1593=EDGE_CURVE('',#1377,#1378,#1944,.T.);
#1594=EDGE_CURVE('',#1378,#1379,#1945,.T.);
#1595=EDGE_CURVE('',#1379,#1380,#1946,.T.);
#1596=EDGE_CURVE('',#1380,#1375,#1947,.T.);
#1597=EDGE_CURVE('',#1381,#1382,#1948,.T.);
#1598=EDGE_CURVE('',#1382,#1383,#1949,.T.);
#1599=EDGE_CURVE('',#1381,#1383,#1950,.T.);
#1600=EDGE_CURVE('',#1384,#1385,#1951,.T.);
#1601=EDGE_CURVE('',#1385,#1382,#1952,.T.);
#1602=EDGE_CURVE('',#1382,#1384,#1953,.T.);
#1603=EDGE_CURVE('',#1384,#1386,#1954,.T.);
#1604=EDGE_CURVE('',#1384,#1381,#1955,.T.);
#1605=EDGE_CURVE('',#1387,#1381,#1956,.T.);
#1606=EDGE_CURVE('',#1386,#1387,#1957,.T.);
#1607=EDGE_CURVE('',#1388,#1389,#1958,.T.);
#1608=EDGE_CURVE('',#1389,#1375,#1959,.T.);
#1609=EDGE_CURVE('',#1388,#1375,#1960,.T.);
#1610=EDGE_CURVE('',#1390,#1374,#1961,.T.);
#1611=EDGE_CURVE('',#1374,#1389,#1962,.T.);
#1612=EDGE_CURVE('',#1389,#1390,#1963,.T.);
#1613=EDGE_CURVE('',#1390,#1391,#1964,.T.);
#1614=EDGE_CURVE('',#1390,#1388,#1965,.T.);
#1615=EDGE_CURVE('',#1392,#1388,#1966,.T.);
#1616=EDGE_CURVE('',#1391,#1392,#1967,.T.);
#1617=EDGE_CURVE('',#1393,#1394,#1968,.T.);
#1618=EDGE_CURVE('',#1393,#1395,#1969,.T.);
#1619=EDGE_CURVE('',#1396,#1395,#1970,.T.);
#1620=EDGE_CURVE('',#1394,#1396,#1971,.T.);
#1621=EDGE_CURVE('',#1397,#1398,#1972,.T.);
#1622=EDGE_CURVE('',#1397,#1399,#1973,.T.);
#1623=EDGE_CURVE('',#1400,#1399,#1974,.T.);
#1624=EDGE_CURVE('',#1398,#1400,#1975,.T.);
#1625=EDGE_CURVE('',#1401,#1402,#1976,.T.);
#1626=EDGE_CURVE('',#1401,#1403,#1977,.T.);
#1627=EDGE_CURVE('',#1404,#1403,#1978,.T.);
#1628=EDGE_CURVE('',#1402,#1404,#1979,.T.);
#1629=EDGE_CURVE('',#1405,#1406,#1980,.T.);
#1630=EDGE_CURVE('',#1405,#1407,#1981,.T.);
#1631=EDGE_CURVE('',#1408,#1407,#1982,.T.);
#1632=EDGE_CURVE('',#1406,#1408,#1983,.T.);
#1633=EDGE_CURVE('',#1391,#1409,#1984,.T.);
#1634=EDGE_CURVE('',#1392,#1410,#1985,.T.);
#1635=EDGE_CURVE('',#1411,#1410,#1986,.T.);
#1636=EDGE_CURVE('',#1386,#1411,#1987,.T.);
#1637=EDGE_CURVE('',#1412,#1387,#1988,.T.);
#1638=EDGE_CURVE('',#1409,#1412,#1989,.T.);
#1639=EDGE_CURVE('',#1413,#1414,#1990,.T.);
#1640=EDGE_CURVE('',#1415,#1413,#1991,.T.);
#1641=EDGE_CURVE('',#1415,#1416,#1992,.T.);
#1642=EDGE_CURVE('',#1416,#1414,#1993,.T.);
#1643=EDGE_CURVE('',#1417,#1418,#1994,.T.);
#1644=EDGE_CURVE('',#1419,#1417,#1995,.T.);
#1645=EDGE_CURVE('',#1419,#1420,#1996,.T.);
#1646=EDGE_CURVE('',#1420,#1418,#1997,.T.);
#1647=EDGE_CURVE('',#1421,#1422,#1998,.T.);
#1648=EDGE_CURVE('',#1421,#1423,#1999,.T.);
#1649=EDGE_CURVE('',#1423,#1424,#2000,.T.);
#1650=EDGE_CURVE('',#1425,#1424,#2001,.T.);
#1651=EDGE_CURVE('',#1425,#1426,#2002,.T.);
#1652=EDGE_CURVE('',#1426,#1427,#2003,.T.);
#1653=EDGE_CURVE('',#1427,#1428,#2004,.T.);
#1654=EDGE_CURVE('',#1428,#1429,#2005,.T.);
#1655=EDGE_CURVE('',#1429,#1411,#2006,.T.);
#1656=EDGE_CURVE('',#1410,#1430,#2007,.T.);
#1657=EDGE_CURVE('',#1422,#1430,#2008,.T.);
#1658=EDGE_CURVE('',#1431,#1432,#2009,.T.);
#1659=EDGE_CURVE('',#1432,#1433,#2010,.T.);
#1660=EDGE_CURVE('',#1434,#1433,#2011,.T.);
#1661=EDGE_CURVE('',#1434,#1431,#2012,.T.);
#1662=EDGE_CURVE('',#1435,#1436,#2013,.T.);
#1663=EDGE_CURVE('',#1436,#1437,#2014,.T.);
#1664=EDGE_CURVE('',#1438,#1437,#2015,.T.);
#1665=EDGE_CURVE('',#1438,#1435,#2016,.T.);
#1666=EDGE_CURVE('',#1439,#1440,#2017,.T.);
#1667=EDGE_CURVE('',#1440,#1441,#2018,.T.);
#1668=EDGE_CURVE('',#1441,#1376,#2019,.T.);
#1669=EDGE_CURVE('',#1409,#1438,#2020,.T.);
#1670=EDGE_CURVE('',#1437,#1439,#2021,.T.);
#1671=EDGE_CURVE('',#1442,#1443,#2022,.T.);
#1672=EDGE_CURVE('',#1444,#1442,#2023,.T.);
#1673=EDGE_CURVE('',#1445,#1444,#2024,.T.);
#1674=EDGE_CURVE('',#1446,#1445,#2025,.T.);
#1675=EDGE_CURVE('',#1443,#1446,#2026,.T.);
#1676=EDGE_CURVE('',#1447,#1448,#2027,.T.);
#1677=EDGE_CURVE('',#1449,#1447,#2028,.T.);
#1678=EDGE_CURVE('',#1450,#1449,#2029,.T.);
#1679=EDGE_CURVE('',#1448,#1450,#2030,.T.);
#1680=EDGE_CURVE('',#1451,#1452,#2031,.T.);
#1681=EDGE_CURVE('',#1453,#1451,#2032,.T.);
#1682=EDGE_CURVE('',#1454,#1453,#2033,.T.);
#1683=EDGE_CURVE('',#1455,#1454,#2034,.T.);
#1684=EDGE_CURVE('',#1452,#1455,#2035,.T.);
#1685=EDGE_CURVE('',#1456,#1457,#2036,.T.);
#1686=EDGE_CURVE('',#1458,#1456,#2037,.T.);
#1687=EDGE_CURVE('',#1459,#1458,#2038,.T.);
#1688=EDGE_CURVE('',#1460,#1459,#2039,.T.);
#1689=EDGE_CURVE('',#1457,#1460,#2040,.T.);
#1690=EDGE_CURVE('',#1435,#1434,#2041,.T.);
#1691=EDGE_CURVE('',#1433,#1461,#2042,.T.);
#1692=EDGE_CURVE('',#1461,#1425,#2043,.T.);
#1693=EDGE_CURVE('',#1462,#1424,#2044,.T.);
#1694=EDGE_CURVE('',#1436,#1462,#2045,.T.);
#1695=EDGE_CURVE('',#1412,#1431,#2046,.T.);
#1696=EDGE_CURVE('',#1463,#1464,#2047,.T.);
#1697=EDGE_CURVE('',#1464,#1465,#2048,.T.);
#1698=EDGE_CURVE('',#1466,#1465,#2049,.T.);
#1699=EDGE_CURVE('',#1463,#1466,#2050,.T.);
#1700=EDGE_CURVE('',#1467,#1468,#2051,.T.);
#1701=EDGE_CURVE('',#1467,#1469,#2052,.T.);
#1702=EDGE_CURVE('',#1470,#1469,#2053,.T.);
#1703=EDGE_CURVE('',#1432,#1470,#2054,.T.);
#1704=EDGE_CURVE('',#1383,#1468,#2055,.T.);
#1705=EDGE_CURVE('',#1471,#1464,#2056,.T.);
#1706=EDGE_CURVE('',#1472,#1463,#2057,.T.);
#1707=EDGE_CURVE('',#1472,#1471,#2058,.T.);
#1708=EDGE_CURVE('',#1465,#1473,#2059,.T.);
#1709=EDGE_CURVE('',#1474,#1473,#2060,.T.);
#1710=EDGE_CURVE('',#1466,#1474,#2061,.T.);
#1711=EDGE_CURVE('',#1473,#1471,#2062,.T.);
#1712=EDGE_CURVE('',#1474,#1472,#2063,.T.);
#1713=EDGE_CURVE('',#1469,#1426,#2064,.T.);
#1714=EDGE_CURVE('',#1470,#1461,#2065,.T.);
#1715=EDGE_CURVE('',#1423,#1440,#2066,.T.);
#1716=EDGE_CURVE('',#1462,#1439,#2067,.T.);
#1717=EDGE_CURVE('',#1462,#1475,#2068,.T.);
#1718=EDGE_CURVE('',#1475,#1476,#2069,.T.);
#1719=EDGE_CURVE('',#1436,#1476,#2070,.T.);
#1720=EDGE_CURVE('',#1475,#1439,#2071,.T.);
#1721=EDGE_CURVE('',#1476,#1437,#2072,.T.);
#1722=EDGE_CURVE('',#1477,#1461,#2073,.T.);
#1723=EDGE_CURVE('',#1478,#1433,#2074,.T.);
#1724=EDGE_CURVE('',#1477,#1478,#2075,.T.);
#1725=EDGE_CURVE('',#1470,#1477,#2076,.T.);
#1726=EDGE_CURVE('',#1432,#1478,#2077,.T.);
#1727=EDGE_CURVE('',#1422,#1378,#2078,.T.);
#1728=EDGE_CURVE('',#1421,#1377,#2079,.T.);
#1729=EDGE_CURVE('',#1441,#1421,#2080,.T.);
#1730=EDGE_CURVE('',#1430,#1379,#2081,.T.);
#1731=EDGE_CURVE('',#1428,#1479,#2082,.T.);
#1732=EDGE_CURVE('',#1479,#1480,#2083,.T.);
#1733=EDGE_CURVE('',#1429,#1480,#2084,.T.);
#1734=EDGE_CURVE('',#1427,#1481,#2085,.T.);
#1735=EDGE_CURVE('',#1481,#1479,#2086,.T.);
#1736=EDGE_CURVE('',#1427,#1467,#2087,.T.);
#1737=EDGE_CURVE('',#1468,#1481,#2088,.T.);
#1738=EDGE_CURVE('',#1385,#1383,#2089,.T.);
#1739=EDGE_CURVE('',#1385,#1482,#2090,.T.);
#1740=EDGE_CURVE('',#1482,#1480,#2091,.T.);
#1741=EDGE_CURVE('',#1457,#1483,#2092,.T.);
#1742=EDGE_CURVE('',#1483,#1484,#2093,.T.);
#1743=EDGE_CURVE('',#1456,#1484,#2094,.T.);
#1744=EDGE_CURVE('',#1460,#1485,#2095,.T.);
#1745=EDGE_CURVE('',#1485,#1483,#2096,.T.);
#1746=EDGE_CURVE('',#1459,#1486,#2097,.T.);
#1747=EDGE_CURVE('',#1486,#1485,#2098,.T.);
#1748=EDGE_CURVE('',#1458,#1487,#2099,.T.);
#1749=EDGE_CURVE('',#1487,#1486,#2100,.T.);
#1750=EDGE_CURVE('',#1484,#1487,#2101,.T.);
#1751=EDGE_CURVE('',#1488,#1489,#2102,.T.);
#1752=EDGE_CURVE('',#1488,#1490,#2103,.T.);
#1753=EDGE_CURVE('',#1490,#1491,#2104,.T.);
#1754=EDGE_CURVE('',#1491,#1489,#2105,.T.);
#1755=EDGE_CURVE('',#1452,#1492,#2106,.T.);
#1756=EDGE_CURVE('',#1492,#1493,#2107,.T.);
#1757=EDGE_CURVE('',#1451,#1493,#2108,.T.);
#1758=EDGE_CURVE('',#1455,#1494,#2109,.T.);
#1759=EDGE_CURVE('',#1494,#1492,#2110,.T.);
#1760=EDGE_CURVE('',#1454,#1495,#2111,.T.);
#1761=EDGE_CURVE('',#1495,#1494,#2112,.T.);
#1762=EDGE_CURVE('',#1453,#1496,#2113,.T.);
#1763=EDGE_CURVE('',#1496,#1495,#2114,.T.);
#1764=EDGE_CURVE('',#1493,#1496,#2115,.T.);
#1765=EDGE_CURVE('',#1497,#1498,#2116,.T.);
#1766=EDGE_CURVE('',#1497,#1499,#2117,.T.);
#1767=EDGE_CURVE('',#1499,#1500,#2118,.T.);
#1768=EDGE_CURVE('',#1500,#1498,#2119,.T.);
#1769=EDGE_CURVE('',#1448,#1501,#2120,.T.);
#1770=EDGE_CURVE('',#1501,#1502,#2121,.T.);
#1771=EDGE_CURVE('',#1447,#1502,#2122,.T.);
#1772=EDGE_CURVE('',#1450,#1503,#2123,.T.);
#1773=EDGE_CURVE('',#1503,#1501,#2124,.T.);
#1774=EDGE_CURVE('',#1449,#1504,#2125,.T.);
#1775=EDGE_CURVE('',#1504,#1503,#2126,.T.);
#1776=EDGE_CURVE('',#1502,#1504,#2127,.T.);
#1777=EDGE_CURVE('',#1505,#1506,#2128,.T.);
#1778=EDGE_CURVE('',#1505,#1507,#2129,.T.);
#1779=EDGE_CURVE('',#1507,#1508,#2130,.T.);
#1780=EDGE_CURVE('',#1508,#1506,#2131,.T.);
#1781=EDGE_CURVE('',#1443,#1509,#2132,.T.);
#1782=EDGE_CURVE('',#1509,#1510,#2133,.T.);
#1783=EDGE_CURVE('',#1442,#1510,#2134,.T.);
#1784=EDGE_CURVE('',#1446,#1511,#2135,.T.);
#1785=EDGE_CURVE('',#1511,#1509,#2136,.T.);
#1786=EDGE_CURVE('',#1445,#1512,#2137,.T.);
#1787=EDGE_CURVE('',#1512,#1511,#2138,.T.);
#1788=EDGE_CURVE('',#1444,#1513,#2139,.T.);
#1789=EDGE_CURVE('',#1513,#1512,#2140,.T.);
#1790=EDGE_CURVE('',#1510,#1513,#2141,.T.);
#1791=EDGE_CURVE('',#1514,#1515,#2142,.T.);
#1792=EDGE_CURVE('',#1514,#1516,#2143,.T.);
#1793=EDGE_CURVE('',#1516,#1517,#2144,.T.);
#1794=EDGE_CURVE('',#1517,#1515,#2145,.T.);
#1795=EDGE_CURVE('',#1518,#1419,#2146,.T.);
#1796=EDGE_CURVE('',#1519,#1417,#2147,.T.);
#1797=EDGE_CURVE('',#1518,#1519,#2148,.T.);
#1798=EDGE_CURVE('',#1520,#1518,#2149,.T.);
#1799=EDGE_CURVE('',#1521,#1519,#2150,.T.);
#1800=EDGE_CURVE('',#1520,#1521,#2151,.T.);
#1801=EDGE_CURVE('',#1420,#1520,#2152,.T.);
#1802=EDGE_CURVE('',#1418,#1521,#2153,.T.);
#1803=EDGE_CURVE('',#1522,#1415,#2154,.T.);
#1804=EDGE_CURVE('',#1523,#1413,#2155,.T.);
#1805=EDGE_CURVE('',#1522,#1523,#2156,.T.);
#1806=EDGE_CURVE('',#1524,#1522,#2157,.T.);
#1807=EDGE_CURVE('',#1525,#1523,#2158,.T.);
#1808=EDGE_CURVE('',#1524,#1525,#2159,.T.);
#1809=EDGE_CURVE('',#1416,#1524,#2160,.T.);
#1810=EDGE_CURVE('',#1414,#1525,#2161,.T.);
#1811=EDGE_CURVE('',#1526,#1527,#2162,.T.);
#1812=EDGE_CURVE('',#1527,#1528,#2163,.T.);
#1813=EDGE_CURVE('',#1528,#1529,#2164,.T.);
#1814=EDGE_CURVE('',#1529,#1526,#2165,.T.);
#1815=EDGE_CURVE('',#1489,#1530,#2166,.T.);
#1816=EDGE_CURVE('',#1530,#1531,#2167,.T.);
#1817=EDGE_CURVE('',#1531,#1488,#2168,.T.);
#1818=EDGE_CURVE('',#1532,#1490,#2169,.T.);
#1819=EDGE_CURVE('',#1532,#1533,#2170,.T.);
#1820=EDGE_CURVE('',#1491,#1533,#2171,.T.);
#1821=EDGE_CURVE('',#1533,#1530,#2172,.T.);
#1822=EDGE_CURVE('',#1531,#1532,#2173,.T.);
#1823=EDGE_CURVE('',#1394,#1534,#2174,.T.);
#1824=EDGE_CURVE('',#1534,#1535,#2175,.T.);
#1825=EDGE_CURVE('',#1393,#1535,#2176,.T.);
#1826=EDGE_CURVE('',#1536,#1395,#2177,.T.);
#1827=EDGE_CURVE('',#1536,#1537,#2178,.T.);
#1828=EDGE_CURVE('',#1537,#1396,#2179,.T.);
#1829=EDGE_CURVE('',#1535,#1536,#2180,.T.);
#1830=EDGE_CURVE('',#1537,#1534,#2181,.T.);
#1831=EDGE_CURVE('',#1538,#1539,#2182,.T.);
#1832=EDGE_CURVE('',#1539,#1540,#2183,.T.);
#1833=EDGE_CURVE('',#1540,#1541,#2184,.T.);
#1834=EDGE_CURVE('',#1541,#1538,#2185,.T.);
#1835=EDGE_CURVE('',#1538,#1534,#2186,.T.);
#1836=EDGE_CURVE('',#1535,#1541,#2187,.T.);
#1837=EDGE_CURVE('',#1536,#1540,#2188,.T.);
#1838=EDGE_CURVE('',#1539,#1537,#2189,.T.);
#1839=EDGE_CURVE('',#1532,#1529,#2190,.T.);
#1840=EDGE_CURVE('',#1526,#1531,#2191,.T.);
#1841=EDGE_CURVE('',#1527,#1530,#2192,.T.);
#1842=EDGE_CURVE('',#1533,#1528,#2193,.T.);
#1843=EDGE_CURVE('',#1542,#1543,#2194,.T.);
#1844=EDGE_CURVE('',#1543,#1544,#2195,.T.);
#1845=EDGE_CURVE('',#1544,#1545,#2196,.T.);
#1846=EDGE_CURVE('',#1545,#1542,#2197,.T.);
#1847=EDGE_CURVE('',#1498,#1546,#2198,.T.);
#1848=EDGE_CURVE('',#1546,#1547,#2199,.T.);
#1849=EDGE_CURVE('',#1547,#1497,#2200,.T.);
#1850=EDGE_CURVE('',#1548,#1499,#2201,.T.);
#1851=EDGE_CURVE('',#1548,#1549,#2202,.T.);
#1852=EDGE_CURVE('',#1500,#1549,#2203,.T.);
#1853=EDGE_CURVE('',#1549,#1546,#2204,.T.);
#1854=EDGE_CURVE('',#1547,#1548,#2205,.T.);
#1855=EDGE_CURVE('',#1398,#1550,#2206,.T.);
#1856=EDGE_CURVE('',#1550,#1551,#2207,.T.);
#1857=EDGE_CURVE('',#1397,#1551,#2208,.T.);
#1858=EDGE_CURVE('',#1552,#1399,#2209,.T.);
#1859=EDGE_CURVE('',#1552,#1553,#2210,.T.);
#1860=EDGE_CURVE('',#1553,#1400,#2211,.T.);
#1861=EDGE_CURVE('',#1551,#1552,#2212,.T.);
#1862=EDGE_CURVE('',#1553,#1550,#2213,.T.);
#1863=EDGE_CURVE('',#1554,#1555,#2214,.T.);
#1864=EDGE_CURVE('',#1555,#1556,#2215,.T.);
#1865=EDGE_CURVE('',#1556,#1557,#2216,.T.);
#1866=EDGE_CURVE('',#1557,#1554,#2217,.T.);
#1867=EDGE_CURVE('',#1554,#1550,#2218,.T.);
#1868=EDGE_CURVE('',#1551,#1557,#2219,.T.);
#1869=EDGE_CURVE('',#1552,#1556,#2220,.T.);
#1870=EDGE_CURVE('',#1555,#1553,#2221,.T.);
#1871=EDGE_CURVE('',#1548,#1545,#2222,.T.);
#1872=EDGE_CURVE('',#1542,#1547,#2223,.T.);
#1873=EDGE_CURVE('',#1543,#1546,#2224,.T.);
#1874=EDGE_CURVE('',#1549,#1544,#2225,.T.);
#1875=EDGE_CURVE('',#1558,#1559,#2226,.T.);
#1876=EDGE_CURVE('',#1559,#1560,#2227,.T.);
#1877=EDGE_CURVE('',#1560,#1561,#2228,.T.);
#1878=EDGE_CURVE('',#1561,#1558,#2229,.T.);
#1879=EDGE_CURVE('',#1506,#1562,#2230,.T.);
#1880=EDGE_CURVE('',#1562,#1563,#2231,.T.);
#1881=EDGE_CURVE('',#1563,#1505,#2232,.T.);
#1882=EDGE_CURVE('',#1564,#1507,#2233,.T.);
#1883=EDGE_CURVE('',#1564,#1565,#2234,.T.);
#1884=EDGE_CURVE('',#1508,#1565,#2235,.T.);
#1885=EDGE_CURVE('',#1565,#1562,#2236,.T.);
#1886=EDGE_CURVE('',#1563,#1564,#2237,.T.);
#1887=EDGE_CURVE('',#1402,#1566,#2238,.T.);
#1888=EDGE_CURVE('',#1566,#1567,#2239,.T.);
#1889=EDGE_CURVE('',#1401,#1567,#2240,.T.);
#1890=EDGE_CURVE('',#1568,#1403,#2241,.T.);
#1891=EDGE_CURVE('',#1568,#1569,#2242,.T.);
#1892=EDGE_CURVE('',#1569,#1404,#2243,.T.);
#1893=EDGE_CURVE('',#1567,#1568,#2244,.T.);
#1894=EDGE_CURVE('',#1569,#1566,#2245,.T.);
#1895=EDGE_CURVE('',#1570,#1571,#2246,.T.);
#1896=EDGE_CURVE('',#1571,#1572,#2247,.T.);
#1897=EDGE_CURVE('',#1572,#1573,#2248,.T.);
#1898=EDGE_CURVE('',#1573,#1570,#2249,.T.);
#1899=EDGE_CURVE('',#1570,#1566,#2250,.T.);
#1900=EDGE_CURVE('',#1567,#1573,#2251,.T.);
#1901=EDGE_CURVE('',#1568,#1572,#2252,.T.);
#1902=EDGE_CURVE('',#1571,#1569,#2253,.T.);
#1903=EDGE_CURVE('',#1564,#1561,#2254,.T.);
#1904=EDGE_CURVE('',#1558,#1563,#2255,.T.);
#1905=EDGE_CURVE('',#1559,#1562,#2256,.T.);
#1906=EDGE_CURVE('',#1565,#1560,#2257,.T.);
#1907=EDGE_CURVE('',#1574,#1575,#2258,.T.);
#1908=EDGE_CURVE('',#1575,#1576,#2259,.T.);
#1909=EDGE_CURVE('',#1576,#1577,#2260,.T.);
#1910=EDGE_CURVE('',#1577,#1574,#2261,.T.);
#1911=EDGE_CURVE('',#1515,#1578,#2262,.T.);
#1912=EDGE_CURVE('',#1578,#1579,#2263,.T.);
#1913=EDGE_CURVE('',#1579,#1514,#2264,.T.);
#1914=EDGE_CURVE('',#1580,#1516,#2265,.T.);
#1915=EDGE_CURVE('',#1580,#1581,#2266,.T.);
#1916=EDGE_CURVE('',#1517,#1581,#2267,.T.);
#1917=EDGE_CURVE('',#1581,#1578,#2268,.T.);
#1918=EDGE_CURVE('',#1579,#1580,#2269,.T.);
#1919=EDGE_CURVE('',#1406,#1582,#2270,.T.);
#1920=EDGE_CURVE('',#1582,#1583,#2271,.T.);
#1921=EDGE_CURVE('',#1405,#1583,#2272,.T.);
#1922=EDGE_CURVE('',#1584,#1407,#2273,.T.);
#1923=EDGE_CURVE('',#1584,#1585,#2274,.T.);
#1924=EDGE_CURVE('',#1585,#1408,#2275,.T.);
#1925=EDGE_CURVE('',#1583,#1584,#2276,.T.);
#1926=EDGE_CURVE('',#1585,#1582,#2277,.T.);
#1927=EDGE_CURVE('',#1586,#1587,#2278,.T.);
#1928=EDGE_CURVE('',#1587,#1588,#2279,.T.);
#1929=EDGE_CURVE('',#1588,#1589,#2280,.T.);
#1930=EDGE_CURVE('',#1589,#1586,#2281,.T.);
#1931=EDGE_CURVE('',#1586,#1582,#2282,.T.);
#1932=EDGE_CURVE('',#1583,#1589,#2283,.T.);
#1933=EDGE_CURVE('',#1584,#1588,#2284,.T.);
#1934=EDGE_CURVE('',#1587,#1585,#2285,.T.);
#1935=EDGE_CURVE('',#1580,#1577,#2286,.T.);
#1936=EDGE_CURVE('',#1574,#1579,#2287,.T.);
#1937=EDGE_CURVE('',#1575,#1578,#2288,.T.);
#1938=EDGE_CURVE('',#1581,#1576,#2289,.T.);
#1939=EDGE_CURVE('',#1411,#1482,#2290,.T.);
#1940=EDGE_CURVE('',#1410,#1380,#2291,.T.);
#1941=LINE('',#3454,#2292);
#1942=LINE('',#3457,#2293);
#1943=LINE('',#3459,#2294);
#1944=LINE('',#3461,#2295);
#1945=LINE('',#3463,#2296);
#1946=LINE('',#3465,#2297);
#1947=LINE('',#3467,#2298);
#1948=LINE('',#3469,#2299);
#1949=LINE('',#3472,#2300);
#1950=LINE('',#3474,#2301);
#1951=LINE('',#3476,#2302);
#1952=LINE('',#3479,#2303);
#1953=LINE('',#3480,#2304);
#1954=LINE('',#3482,#2305);
#1955=LINE('',#3484,#2306);
#1956=LINE('',#3485,#2307);
#1957=LINE('',#3487,#2308);
#1958=LINE('',#3489,#2309);
#1959=LINE('',#3492,#2310);
#1960=LINE('',#3493,#2311);
#1961=LINE('',#3495,#2312);
#1962=LINE('',#3497,#2313);
#1963=LINE('',#3498,#2314);
#1964=LINE('',#3500,#2315);
#1965=LINE('',#3502,#2316);
#1966=LINE('',#3503,#2317);
#1967=LINE('',#3505,#2318);
#1968=LINE('',#3507,#2319);
#1969=LINE('',#3510,#2320);
#1970=LINE('',#3512,#2321);
#1971=LINE('',#3514,#2322);
#1972=LINE('',#3515,#2323);
#1973=LINE('',#3518,#2324);
#1974=LINE('',#3520,#2325);
#1975=LINE('',#3522,#2326);
#1976=LINE('',#3523,#2327);
#1977=LINE('',#3526,#2328);
#1978=LINE('',#3528,#2329);
#1979=LINE('',#3530,#2330);
#1980=LINE('',#3531,#2331);
#1981=LINE('',#3534,#2332);
#1982=LINE('',#3536,#2333);
#1983=LINE('',#3538,#2334);
#1984=LINE('',#3539,#2335);
#1985=LINE('',#3541,#2336);
#1986=LINE('',#3543,#2337);
#1987=LINE('',#3545,#2338);
#1988=LINE('',#3546,#2339);
#1989=LINE('',#3548,#2340);
#1990=LINE('',#3550,#2341);
#1991=LINE('',#3553,#2342);
#1992=LINE('',#3555,#2343);
#1993=LINE('',#3557,#2344);
#1994=LINE('',#3558,#2345);
#1995=LINE('',#3561,#2346);
#1996=LINE('',#3563,#2347);
#1997=LINE('',#3565,#2348);
#1998=LINE('',#3566,#2349);
#1999=LINE('',#3569,#2350);
#2000=LINE('',#3571,#2351);
#2001=LINE('',#3573,#2352);
#2002=LINE('',#3575,#2353);
#2003=LINE('',#3577,#2354);
#2004=LINE('',#3579,#2355);
#2005=LINE('',#3581,#2356);
#2006=LINE('',#3583,#2357);
#2007=LINE('',#3584,#2358);
#2008=LINE('',#3586,#2359);
#2009=LINE('',#3588,#2360);
#2010=LINE('',#3591,#2361);
#2011=LINE('',#3593,#2362);
#2012=LINE('',#3595,#2363);
#2013=LINE('',#3597,#2364);
#2014=LINE('',#3600,#2365);
#2015=LINE('',#3602,#2366);
#2016=LINE('',#3604,#2367);
#2017=LINE('',#3606,#2368);
#2018=LINE('',#3609,#2369);
#2019=LINE('',#3611,#2370);
#2020=LINE('',#3612,#2371);
#2021=LINE('',#3613,#2372);
#2022=LINE('',#3615,#2373);
#2023=LINE('',#3618,#2374);
#2024=LINE('',#3620,#2375);
#2025=LINE('',#3622,#2376);
#2026=LINE('',#3624,#2377);
#2027=LINE('',#3625,#2378);
#2028=LINE('',#3628,#2379);
#2029=LINE('',#3630,#2380);
#2030=LINE('',#3632,#2381);
#2031=LINE('',#3633,#2382);
#2032=LINE('',#3636,#2383);
#2033=LINE('',#3638,#2384);
#2034=LINE('',#3640,#2385);
#2035=LINE('',#3642,#2386);
#2036=LINE('',#3643,#2387);
#2037=LINE('',#3646,#2388);
#2038=LINE('',#3648,#2389);
#2039=LINE('',#3650,#2390);
#2040=LINE('',#3652,#2391);
#2041=LINE('',#3653,#2392);
#2042=LINE('',#3654,#2393);
#2043=LINE('',#3656,#2394);
#2044=LINE('',#3657,#2395);
#2045=LINE('',#3659,#2396);
#2046=LINE('',#3661,#2397);
#2047=LINE('',#3662,#2398);
#2048=LINE('',#3665,#2399);
#2049=LINE('',#3667,#2400);
#2050=LINE('',#3669,#2401);
#2051=LINE('',#3671,#2402);
#2052=LINE('',#3674,#2403);
#2053=LINE('',#3676,#2404);
#2054=LINE('',#3678,#2405);
#2055=LINE('',#3679,#2406);
#2056=LINE('',#3681,#2407);
#2057=LINE('',#3683,#2408);
#2058=LINE('',#3685,#2409);
#2059=LINE('',#3687,#2410);
#2060=LINE('',#3689,#2411);
#2061=LINE('',#3691,#2412);
#2062=LINE('',#3693,#2413);
#2063=LINE('',#3694,#2414);
#2064=LINE('',#3698,#2415);
#2065=LINE('',#3699,#2416);
#2066=LINE('',#3701,#2417);
#2067=LINE('',#3702,#2418);
#2068=LINE('',#3704,#2419);
#2069=LINE('',#3706,#2420);
#2070=LINE('',#3708,#2421);
#2071=LINE('',#3710,#2422);
#2072=LINE('',#3711,#2423);
#2073=LINE('',#3715,#2424);
#2074=LINE('',#3717,#2425);
#2075=LINE('',#3719,#2426);
#2076=LINE('',#3721,#2427);
#2077=LINE('',#3722,#2428);
#2078=LINE('',#3726,#2429);
#2079=LINE('',#3727,#2430);
#2080=LINE('',#3729,#2431);
#2081=LINE('',#3731,#2432);
#2082=LINE('',#3733,#2433);
#2083=LINE('',#3735,#2434);
#2084=LINE('',#3737,#2435);
#2085=LINE('',#3739,#2436);
#2086=LINE('',#3741,#2437);
#2087=LINE('',#3743,#2438);
#2088=LINE('',#3744,#2439);
#2089=LINE('',#3746,#2440);
#2090=LINE('',#3747,#2441);
#2091=LINE('',#3749,#2442);
#2092=LINE('',#3753,#2443);
#2093=LINE('',#3755,#2444);
#2094=LINE('',#3757,#2445);
#2095=LINE('',#3759,#2446);
#2096=LINE('',#3761,#2447);
#2097=LINE('',#3763,#2448);
#2098=LINE('',#3765,#2449);
#2099=LINE('',#3767,#2450);
#2100=LINE('',#3769,#2451);
#2101=LINE('',#3771,#2452);
#2102=LINE('',#3773,#2453);
#2103=LINE('',#3776,#2454);
#2104=LINE('',#3778,#2455);
#2105=LINE('',#3780,#2456);
#2106=LINE('',#3782,#2457);
#2107=LINE('',#3784,#2458);
#2108=LINE('',#3786,#2459);
#2109=LINE('',#3788,#2460);
#2110=LINE('',#3790,#2461);
#2111=LINE('',#3792,#2462);
#2112=LINE('',#3794,#2463);
#2113=LINE('',#3796,#2464);
#2114=LINE('',#3798,#2465);
#2115=LINE('',#3800,#2466);
#2116=LINE('',#3802,#2467);
#2117=LINE('',#3805,#2468);
#2118=LINE('',#3807,#2469);
#2119=LINE('',#3809,#2470);
#2120=LINE('',#3811,#2471);
#2121=LINE('',#3813,#2472);
#2122=LINE('',#3815,#2473);
#2123=LINE('',#3817,#2474);
#2124=LINE('',#3819,#2475);
#2125=LINE('',#3821,#2476);
#2126=LINE('',#3823,#2477);
#2127=LINE('',#3825,#2478);
#2128=LINE('',#3827,#2479);
#2129=LINE('',#3830,#2480);
#2130=LINE('',#3832,#2481);
#2131=LINE('',#3834,#2482);
#2132=LINE('',#3836,#2483);
#2133=LINE('',#3838,#2484);
#2134=LINE('',#3840,#2485);
#2135=LINE('',#3842,#2486);
#2136=LINE('',#3844,#2487);
#2137=LINE('',#3846,#2488);
#2138=LINE('',#3848,#2489);
#2139=LINE('',#3850,#2490);
#2140=LINE('',#3852,#2491);
#2141=LINE('',#3854,#2492);
#2142=LINE('',#3856,#2493);
#2143=LINE('',#3859,#2494);
#2144=LINE('',#3861,#2495);
#2145=LINE('',#3863,#2496);
#2146=LINE('',#3865,#2497);
#2147=LINE('',#3867,#2498);
#2148=LINE('',#3869,#2499);
#2149=LINE('',#3871,#2500);
#2150=LINE('',#3873,#2501);
#2151=LINE('',#3875,#2502);
#2152=LINE('',#3877,#2503);
#2153=LINE('',#3878,#2504);
#2154=LINE('',#3882,#2505);
#2155=LINE('',#3884,#2506);
#2156=LINE('',#3886,#2507);
#2157=LINE('',#3888,#2508);
#2158=LINE('',#3890,#2509);
#2159=LINE('',#3892,#2510);
#2160=LINE('',#3894,#2511);
#2161=LINE('',#3895,#2512);
#2162=LINE('',#3899,#2513);
#2163=LINE('',#3902,#2514);
#2164=LINE('',#3904,#2515);
#2165=LINE('',#3906,#2516);
#2166=LINE('',#3908,#2517);
#2167=LINE('',#3910,#2518);
#2168=LINE('',#3912,#2519);
#2169=LINE('',#3914,#2520);
#2170=LINE('',#3916,#2521);
#2171=LINE('',#3918,#2522);
#2172=LINE('',#3920,#2523);
#2173=LINE('',#3922,#2524);
#2174=LINE('',#3924,#2525);
#2175=LINE('',#3926,#2526);
#2176=LINE('',#3928,#2527);
#2177=LINE('',#3930,#2528);
#2178=LINE('',#3932,#2529);
#2179=LINE('',#3934,#2530);
#2180=LINE('',#3936,#2531);
#2181=LINE('',#3938,#2532);
#2182=LINE('',#3940,#2533);
#2183=LINE('',#3943,#2534);
#2184=LINE('',#3945,#2535);
#2185=LINE('',#3947,#2536);
#2186=LINE('',#3949,#2537);
#2187=LINE('',#3950,#2538);
#2188=LINE('',#3952,#2539);
#2189=LINE('',#3954,#2540);
#2190=LINE('',#3957,#2541);
#2191=LINE('',#3958,#2542);
#2192=LINE('',#3960,#2543);
#2193=LINE('',#3962,#2544);
#2194=LINE('',#3965,#2545);
#2195=LINE('',#3968,#2546);
#2196=LINE('',#3970,#2547);
#2197=LINE('',#3972,#2548);
#2198=LINE('',#3974,#2549);
#2199=LINE('',#3976,#2550);
#2200=LINE('',#3978,#2551);
#2201=LINE('',#3980,#2552);
#2202=LINE('',#3982,#2553);
#2203=LINE('',#3984,#2554);
#2204=LINE('',#3986,#2555);
#2205=LINE('',#3988,#2556);
#2206=LINE('',#3990,#2557);
#2207=LINE('',#3992,#2558);
#2208=LINE('',#3994,#2559);
#2209=LINE('',#3996,#2560);
#2210=LINE('',#3998,#2561);
#2211=LINE('',#4000,#2562);
#2212=LINE('',#4002,#2563);
#2213=LINE('',#4004,#2564);
#2214=LINE('',#4006,#2565);
#2215=LINE('',#4009,#2566);
#2216=LINE('',#4011,#2567);
#2217=LINE('',#4013,#2568);
#2218=LINE('',#4015,#2569);
#2219=LINE('',#4016,#2570);
#2220=LINE('',#4018,#2571);
#2221=LINE('',#4020,#2572);
#2222=LINE('',#4023,#2573);
#2223=LINE('',#4024,#2574);
#2224=LINE('',#4026,#2575);
#2225=LINE('',#4028,#2576);
#2226=LINE('',#4031,#2577);
#2227=LINE('',#4034,#2578);
#2228=LINE('',#4036,#2579);
#2229=LINE('',#4038,#2580);
#2230=LINE('',#4040,#2581);
#2231=LINE('',#4042,#2582);
#2232=LINE('',#4044,#2583);
#2233=LINE('',#4046,#2584);
#2234=LINE('',#4048,#2585);
#2235=LINE('',#4050,#2586);
#2236=LINE('',#4052,#2587);
#2237=LINE('',#4054,#2588);
#2238=LINE('',#4056,#2589);
#2239=LINE('',#4058,#2590);
#2240=LINE('',#4060,#2591);
#2241=LINE('',#4062,#2592);
#2242=LINE('',#4064,#2593);
#2243=LINE('',#4066,#2594);
#2244=LINE('',#4068,#2595);
#2245=LINE('',#4070,#2596);
#2246=LINE('',#4072,#2597);
#2247=LINE('',#4075,#2598);
#2248=LINE('',#4077,#2599);
#2249=LINE('',#4079,#2600);
#2250=LINE('',#4081,#2601);
#2251=LINE('',#4082,#2602);
#2252=LINE('',#4084,#2603);
#2253=LINE('',#4086,#2604);
#2254=LINE('',#4089,#2605);
#2255=LINE('',#4090,#2606);
#2256=LINE('',#4092,#2607);
#2257=LINE('',#4094,#2608);
#2258=LINE('',#4097,#2609);
#2259=LINE('',#4100,#2610);
#2260=LINE('',#4102,#2611);
#2261=LINE('',#4104,#2612);
#2262=LINE('',#4106,#2613);
#2263=LINE('',#4108,#2614);
#2264=LINE('',#4110,#2615);
#2265=LINE('',#4112,#2616);
#2266=LINE('',#4114,#2617);
#2267=LINE('',#4116,#2618);
#2268=LINE('',#4118,#2619);
#2269=LINE('',#4120,#2620);
#2270=LINE('',#4122,#2621);
#2271=LINE('',#4124,#2622);
#2272=LINE('',#4126,#2623);
#2273=LINE('',#4128,#2624);
#2274=LINE('',#4130,#2625);
#2275=LINE('',#4132,#2626);
#2276=LINE('',#4134,#2627);
#2277=LINE('',#4136,#2628);
#2278=LINE('',#4138,#2629);
#2279=LINE('',#4141,#2630);
#2280=LINE('',#4143,#2631);
#2281=LINE('',#4145,#2632);
#2282=LINE('',#4147,#2633);
#2283=LINE('',#4148,#2634);
#2284=LINE('',#4150,#2635);
#2285=LINE('',#4152,#2636);
#2286=LINE('',#4155,#2637);
#2287=LINE('',#4156,#2638);
#2288=LINE('',#4158,#2639);
#2289=LINE('',#4160,#2640);
#2290=LINE('',#4163,#2641);
#2291=LINE('',#4166,#2642);
#2292=VECTOR('',#2798,1.);
#2293=VECTOR('',#2799,1.);
#2294=VECTOR('',#2800,1.);
#2295=VECTOR('',#2801,1.);
#2296=VECTOR('',#2802,1.);
#2297=VECTOR('',#2803,1.);
#2298=VECTOR('',#2804,1.);
#2299=VECTOR('',#2807,1.);
#2300=VECTOR('',#2808,1.);
#2301=VECTOR('',#2809,1.);
#2302=VECTOR('',#2812,1.);
#2303=VECTOR('',#2813,1.);
#2304=VECTOR('',#2814,1.);
#2305=VECTOR('',#2817,1.);
#2306=VECTOR('',#2818,1.);
#2307=VECTOR('',#2819,1.);
#2308=VECTOR('',#2820,1.);
#2309=VECTOR('',#2823,1.);
#2310=VECTOR('',#2824,1.);
#2311=VECTOR('',#2825,1.);
#2312=VECTOR('',#2828,1.);
#2313=VECTOR('',#2829,1.);
#2314=VECTOR('',#2830,1.);
#2315=VECTOR('',#2833,1.);
#2316=VECTOR('',#2834,1.);
#2317=VECTOR('',#2835,1.);
#2318=VECTOR('',#2836,1.);
#2319=VECTOR('',#2839,1.);
#2320=VECTOR('',#2840,1.);
#2321=VECTOR('',#2841,1.);
#2322=VECTOR('',#2842,1.);
#2323=VECTOR('',#2843,1.);
#2324=VECTOR('',#2844,1.);
#2325=VECTOR('',#2845,1.);
#2326=VECTOR('',#2846,1.);
#2327=VECTOR('',#2847,1.);
#2328=VECTOR('',#2848,1.);
#2329=VECTOR('',#2849,1.);
#2330=VECTOR('',#2850,1.);
#2331=VECTOR('',#2851,1.);
#2332=VECTOR('',#2852,1.);
#2333=VECTOR('',#2853,1.);
#2334=VECTOR('',#2854,1.);
#2335=VECTOR('',#2855,1.);
#2336=VECTOR('',#2856,1.);
#2337=VECTOR('',#2857,1.);
#2338=VECTOR('',#2858,1.);
#2339=VECTOR('',#2859,1.);
#2340=VECTOR('',#2860,1.);
#2341=VECTOR('',#2863,1.);
#2342=VECTOR('',#2864,1.);
#2343=VECTOR('',#2865,1.);
#2344=VECTOR('',#2866,1.);
#2345=VECTOR('',#2867,1.);
#2346=VECTOR('',#2868,1.);
#2347=VECTOR('',#2869,1.);
#2348=VECTOR('',#2870,1.);
#2349=VECTOR('',#2871,1.);
#2350=VECTOR('',#2872,1.);
#2351=VECTOR('',#2873,1.);
#2352=VECTOR('',#2874,1.);
#2353=VECTOR('',#2875,1.);
#2354=VECTOR('',#2876,1.);
#2355=VECTOR('',#2877,1.);
#2356=VECTOR('',#2878,1.);
#2357=VECTOR('',#2879,1.);
#2358=VECTOR('',#2880,1.);
#2359=VECTOR('',#2881,1.);
#2360=VECTOR('',#2884,1.);
#2361=VECTOR('',#2885,1.);
#2362=VECTOR('',#2886,1.);
#2363=VECTOR('',#2887,1.);
#2364=VECTOR('',#2890,1.);
#2365=VECTOR('',#2891,1.);
#2366=VECTOR('',#2892,1.);
#2367=VECTOR('',#2893,1.);
#2368=VECTOR('',#2896,1.);
#2369=VECTOR('',#2897,1.);
#2370=VECTOR('',#2898,1.);
#2371=VECTOR('',#2899,1.);
#2372=VECTOR('',#2900,1.);
#2373=VECTOR('',#2903,1.);
#2374=VECTOR('',#2904,1.);
#2375=VECTOR('',#2905,1.);
#2376=VECTOR('',#2906,1.);
#2377=VECTOR('',#2907,1.);
#2378=VECTOR('',#2908,1.);
#2379=VECTOR('',#2909,1.);
#2380=VECTOR('',#2910,1.);
#2381=VECTOR('',#2911,1.);
#2382=VECTOR('',#2912,1.);
#2383=VECTOR('',#2913,1.);
#2384=VECTOR('',#2914,1.);
#2385=VECTOR('',#2915,1.);
#2386=VECTOR('',#2916,1.);
#2387=VECTOR('',#2917,1.);
#2388=VECTOR('',#2918,1.);
#2389=VECTOR('',#2919,1.);
#2390=VECTOR('',#2920,1.);
#2391=VECTOR('',#2921,1.);
#2392=VECTOR('',#2922,1.);
#2393=VECTOR('',#2923,1.);
#2394=VECTOR('',#2924,1.);
#2395=VECTOR('',#2925,1.);
#2396=VECTOR('',#2926,1.);
#2397=VECTOR('',#2929,1.);
#2398=VECTOR('',#2930,1.);
#2399=VECTOR('',#2931,1.);
#2400=VECTOR('',#2932,1.);
#2401=VECTOR('',#2933,1.);
#2402=VECTOR('',#2936,1.);
#2403=VECTOR('',#2937,1.);
#2404=VECTOR('',#2938,1.);
#2405=VECTOR('',#2939,1.);
#2406=VECTOR('',#2940,1.);
#2407=VECTOR('',#2943,1.);
#2408=VECTOR('',#2944,1.);
#2409=VECTOR('',#2945,1.);
#2410=VECTOR('',#2948,1.);
#2411=VECTOR('',#2949,1.);
#2412=VECTOR('',#2950,1.);
#2413=VECTOR('',#2953,1.);
#2414=VECTOR('',#2954,1.);
#2415=VECTOR('',#2961,1.);
#2416=VECTOR('',#2962,1.);
#2417=VECTOR('',#2965,1.);
#2418=VECTOR('',#2966,1.);
#2419=VECTOR('',#2969,1.);
#2420=VECTOR('',#2970,1.);
#2421=VECTOR('',#2971,1.);
#2422=VECTOR('',#2974,1.);
#2423=VECTOR('',#2975,1.);
#2424=VECTOR('',#2982,1.);
#2425=VECTOR('',#2983,1.);
#2426=VECTOR('',#2984,1.);
#2427=VECTOR('',#2987,1.);
#2428=VECTOR('',#2988,1.);
#2429=VECTOR('',#2995,1.);
#2430=VECTOR('',#2996,1.);
#2431=VECTOR('',#2999,1.);
#2432=VECTOR('',#3002,1.);
#2433=VECTOR('',#3005,1.);
#2434=VECTOR('',#3006,1.);
#2435=VECTOR('',#3007,1.);
#2436=VECTOR('',#3010,1.);
#2437=VECTOR('',#3011,1.);
#2438=VECTOR('',#3014,1.);
#2439=VECTOR('',#3015,1.);
#2440=VECTOR('',#3018,1.);
#2441=VECTOR('',#3019,1.);
#2442=VECTOR('',#3020,1.);
#2443=VECTOR('',#3027,1.);
#2444=VECTOR('',#3028,1.);
#2445=VECTOR('',#3029,1.);
#2446=VECTOR('',#3032,1.);
#2447=VECTOR('',#3033,1.);
#2448=VECTOR('',#3036,1.);
#2449=VECTOR('',#3037,1.);
#2450=VECTOR('',#3040,1.);
#2451=VECTOR('',#3041,1.);
#2452=VECTOR('',#3044,1.);
#2453=VECTOR('',#3047,1.);
#2454=VECTOR('',#3048,1.);
#2455=VECTOR('',#3049,1.);
#2456=VECTOR('',#3050,1.);
#2457=VECTOR('',#3053,1.);
#2458=VECTOR('',#3054,1.);
#2459=VECTOR('',#3055,1.);
#2460=VECTOR('',#3058,1.);
#2461=VECTOR('',#3059,1.);
#2462=VECTOR('',#3062,1.);
#2463=VECTOR('',#3063,1.);
#2464=VECTOR('',#3066,1.);
#2465=VECTOR('',#3067,1.);
#2466=VECTOR('',#3070,1.);
#2467=VECTOR('',#3073,1.);
#2468=VECTOR('',#3074,1.);
#2469=VECTOR('',#3075,1.);
#2470=VECTOR('',#3076,1.);
#2471=VECTOR('',#3079,1.);
#2472=VECTOR('',#3080,1.);
#2473=VECTOR('',#3081,1.);
#2474=VECTOR('',#3084,1.);
#2475=VECTOR('',#3085,1.);
#2476=VECTOR('',#3088,1.);
#2477=VECTOR('',#3089,1.);
#2478=VECTOR('',#3092,1.);
#2479=VECTOR('',#3095,1.);
#2480=VECTOR('',#3096,1.);
#2481=VECTOR('',#3097,1.);
#2482=VECTOR('',#3098,1.);
#2483=VECTOR('',#3101,1.);
#2484=VECTOR('',#3102,1.);
#2485=VECTOR('',#3103,1.);
#2486=VECTOR('',#3106,1.);
#2487=VECTOR('',#3107,1.);
#2488=VECTOR('',#3110,1.);
#2489=VECTOR('',#3111,1.);
#2490=VECTOR('',#3114,1.);
#2491=VECTOR('',#3115,1.);
#2492=VECTOR('',#3118,1.);
#2493=VECTOR('',#3121,1.);
#2494=VECTOR('',#3122,1.);
#2495=VECTOR('',#3123,1.);
#2496=VECTOR('',#3124,1.);
#2497=VECTOR('',#3127,1.);
#2498=VECTOR('',#3128,1.);
#2499=VECTOR('',#3129,1.);
#2500=VECTOR('',#3132,1.);
#2501=VECTOR('',#3133,1.);
#2502=VECTOR('',#3134,1.);
#2503=VECTOR('',#3137,1.);
#2504=VECTOR('',#3138,1.);
#2505=VECTOR('',#3145,1.);
#2506=VECTOR('',#3146,1.);
#2507=VECTOR('',#3147,1.);
#2508=VECTOR('',#3150,1.);
#2509=VECTOR('',#3151,1.);
#2510=VECTOR('',#3152,1.);
#2511=VECTOR('',#3155,1.);
#2512=VECTOR('',#3156,1.);
#2513=VECTOR('',#3163,1.);
#2514=VECTOR('',#3164,1.);
#2515=VECTOR('',#3165,1.);
#2516=VECTOR('',#3166,1.);
#2517=VECTOR('',#3169,1.);
#2518=VECTOR('',#3170,1.);
#2519=VECTOR('',#3171,1.);
#2520=VECTOR('',#3174,1.);
#2521=VECTOR('',#3175,1.);
#2522=VECTOR('',#3176,1.);
#2523=VECTOR('',#3179,1.);
#2524=VECTOR('',#3182,1.);
#2525=VECTOR('',#3185,1.);
#2526=VECTOR('',#3186,1.);
#2527=VECTOR('',#3187,1.);
#2528=VECTOR('',#3190,1.);
#2529=VECTOR('',#3191,1.);
#2530=VECTOR('',#3192,1.);
#2531=VECTOR('',#3195,1.);
#2532=VECTOR('',#3198,1.);
#2533=VECTOR('',#3201,1.);
#2534=VECTOR('',#3202,1.);
#2535=VECTOR('',#3203,1.);
#2536=VECTOR('',#3204,1.);
#2537=VECTOR('',#3207,1.);
#2538=VECTOR('',#3208,1.);
#2539=VECTOR('',#3211,1.);
#2540=VECTOR('',#3214,1.);
#2541=VECTOR('',#3219,1.);
#2542=VECTOR('',#3220,1.);
#2543=VECTOR('',#3223,1.);
#2544=VECTOR('',#3226,1.);
#2545=VECTOR('',#3231,1.);
#2546=VECTOR('',#3232,1.);
#2547=VECTOR('',#3233,1.);
#2548=VECTOR('',#3234,1.);
#2549=VECTOR('',#3237,1.);
#2550=VECTOR('',#3238,1.);
#2551=VECTOR('',#3239,1.);
#2552=VECTOR('',#3242,1.);
#2553=VECTOR('',#3243,1.);
#2554=VECTOR('',#3244,1.);
#2555=VECTOR('',#3247,1.);
#2556=VECTOR('',#3250,1.);
#2557=VECTOR('',#3253,1.);
#2558=VECTOR('',#3254,1.);
#2559=VECTOR('',#3255,1.);
#2560=VECTOR('',#3258,1.);
#2561=VECTOR('',#3259,1.);
#2562=VECTOR('',#3260,1.);
#2563=VECTOR('',#3263,1.);
#2564=VECTOR('',#3266,1.);
#2565=VECTOR('',#3269,1.);
#2566=VECTOR('',#3270,1.);
#2567=VECTOR('',#3271,1.);
#2568=VECTOR('',#3272,1.);
#2569=VECTOR('',#3275,1.);
#2570=VECTOR('',#3276,1.);
#2571=VECTOR('',#3279,1.);
#2572=VECTOR('',#3282,1.);
#2573=VECTOR('',#3287,1.);
#2574=VECTOR('',#3288,1.);
#2575=VECTOR('',#3291,1.);
#2576=VECTOR('',#3294,1.);
#2577=VECTOR('',#3299,1.);
#2578=VECTOR('',#3300,1.);
#2579=VECTOR('',#3301,1.);
#2580=VECTOR('',#3302,1.);
#2581=VECTOR('',#3305,1.);
#2582=VECTOR('',#3306,1.);
#2583=VECTOR('',#3307,1.);
#2584=VECTOR('',#3310,1.);
#2585=VECTOR('',#3311,1.);
#2586=VECTOR('',#3312,1.);
#2587=VECTOR('',#3315,1.);
#2588=VECTOR('',#3318,1.);
#2589=VECTOR('',#3321,1.);
#2590=VECTOR('',#3322,1.);
#2591=VECTOR('',#3323,1.);
#2592=VECTOR('',#3326,1.);
#2593=VECTOR('',#3327,1.);
#2594=VECTOR('',#3328,1.);
#2595=VECTOR('',#3331,1.);
#2596=VECTOR('',#3334,1.);
#2597=VECTOR('',#3337,1.);
#2598=VECTOR('',#3338,1.);
#2599=VECTOR('',#3339,1.);
#2600=VECTOR('',#3340,1.);
#2601=VECTOR('',#3343,1.);
#2602=VECTOR('',#3344,1.);
#2603=VECTOR('',#3347,1.);
#2604=VECTOR('',#3350,1.);
#2605=VECTOR('',#3355,1.);
#2606=VECTOR('',#3356,1.);
#2607=VECTOR('',#3359,1.);
#2608=VECTOR('',#3362,1.);
#2609=VECTOR('',#3367,1.);
#2610=VECTOR('',#3368,1.);
#2611=VECTOR('',#3369,1.);
#2612=VECTOR('',#3370,1.);
#2613=VECTOR('',#3373,1.);
#2614=VECTOR('',#3374,1.);
#2615=VECTOR('',#3375,1.);
#2616=VECTOR('',#3378,1.);
#2617=VECTOR('',#3379,1.);
#2618=VECTOR('',#3380,1.);
#2619=VECTOR('',#3383,1.);
#2620=VECTOR('',#3386,1.);
#2621=VECTOR('',#3389,1.);
#2622=VECTOR('',#3390,1.);
#2623=VECTOR('',#3391,1.);
#2624=VECTOR('',#3394,1.);
#2625=VECTOR('',#3395,1.);
#2626=VECTOR('',#3396,1.);
#2627=VECTOR('',#3399,1.);
#2628=VECTOR('',#3402,1.);
#2629=VECTOR('',#3405,1.);
#2630=VECTOR('',#3406,1.);
#2631=VECTOR('',#3407,1.);
#2632=VECTOR('',#3408,1.);
#2633=VECTOR('',#3411,1.);
#2634=VECTOR('',#3412,1.);
#2635=VECTOR('',#3415,1.);
#2636=VECTOR('',#3418,1.);
#2637=VECTOR('',#3423,1.);
#2638=VECTOR('',#3424,1.);
#2639=VECTOR('',#3427,1.);
#2640=VECTOR('',#3430,1.);
#2641=VECTOR('',#3435,1.);
#2642=VECTOR('',#3440,1.);
#2643=AXIS2_PLACEMENT_3D('',#3453,#2796,#2797);
#2644=AXIS2_PLACEMENT_3D('',#3468,#2805,#2806);
#2645=AXIS2_PLACEMENT_3D('',#3475,#2810,#2811);
#2646=AXIS2_PLACEMENT_3D('',#3481,#2815,#2816);
#2647=AXIS2_PLACEMENT_3D('',#3488,#2821,#2822);
#2648=AXIS2_PLACEMENT_3D('',#3494,#2826,#2827);
#2649=AXIS2_PLACEMENT_3D('',#3499,#2831,#2832);
#2650=AXIS2_PLACEMENT_3D('',#3506,#2837,#2838);
#2651=AXIS2_PLACEMENT_3D('',#3549,#2861,#2862);
#2652=AXIS2_PLACEMENT_3D('',#3587,#2882,#2883);
#2653=AXIS2_PLACEMENT_3D('',#3596,#2888,#2889);
#2654=AXIS2_PLACEMENT_3D('',#3605,#2894,#2895);
#2655=AXIS2_PLACEMENT_3D('',#3614,#2901,#2902);
#2656=AXIS2_PLACEMENT_3D('',#3660,#2927,#2928);
#2657=AXIS2_PLACEMENT_3D('',#3670,#2934,#2935);
#2658=AXIS2_PLACEMENT_3D('',#3680,#2941,#2942);
#2659=AXIS2_PLACEMENT_3D('',#3686,#2946,#2947);
#2660=AXIS2_PLACEMENT_3D('',#3692,#2951,#2952);
#2661=AXIS2_PLACEMENT_3D('',#3695,#2955,#2956);
#2662=AXIS2_PLACEMENT_3D('',#3696,#2957,#2958);
#2663=AXIS2_PLACEMENT_3D('',#3697,#2959,#2960);
#2664=AXIS2_PLACEMENT_3D('',#3700,#2963,#2964);
#2665=AXIS2_PLACEMENT_3D('',#3703,#2967,#2968);
#2666=AXIS2_PLACEMENT_3D('',#3709,#2972,#2973);
#2667=AXIS2_PLACEMENT_3D('',#3712,#2976,#2977);
#2668=AXIS2_PLACEMENT_3D('',#3713,#2978,#2979);
#2669=AXIS2_PLACEMENT_3D('',#3714,#2980,#2981);
#2670=AXIS2_PLACEMENT_3D('',#3720,#2985,#2986);
#2671=AXIS2_PLACEMENT_3D('',#3723,#2989,#2990);
#2672=AXIS2_PLACEMENT_3D('',#3724,#2991,#2992);
#2673=AXIS2_PLACEMENT_3D('',#3725,#2993,#2994);
#2674=AXIS2_PLACEMENT_3D('',#3728,#2997,#2998);
#2675=AXIS2_PLACEMENT_3D('',#3730,#3000,#3001);
#2676=AXIS2_PLACEMENT_3D('',#3732,#3003,#3004);
#2677=AXIS2_PLACEMENT_3D('',#3738,#3008,#3009);
#2678=AXIS2_PLACEMENT_3D('',#3742,#3012,#3013);
#2679=AXIS2_PLACEMENT_3D('',#3745,#3016,#3017);
#2680=AXIS2_PLACEMENT_3D('',#3750,#3021,#3022);
#2681=AXIS2_PLACEMENT_3D('',#3751,#3023,#3024);
#2682=AXIS2_PLACEMENT_3D('',#3752,#3025,#3026);
#2683=AXIS2_PLACEMENT_3D('',#3758,#3030,#3031);
#2684=AXIS2_PLACEMENT_3D('',#3762,#3034,#3035);
#2685=AXIS2_PLACEMENT_3D('',#3766,#3038,#3039);
#2686=AXIS2_PLACEMENT_3D('',#3770,#3042,#3043);
#2687=AXIS2_PLACEMENT_3D('',#3772,#3045,#3046);
#2688=AXIS2_PLACEMENT_3D('',#3781,#3051,#3052);
#2689=AXIS2_PLACEMENT_3D('',#3787,#3056,#3057);
#2690=AXIS2_PLACEMENT_3D('',#3791,#3060,#3061);
#2691=AXIS2_PLACEMENT_3D('',#3795,#3064,#3065);
#2692=AXIS2_PLACEMENT_3D('',#3799,#3068,#3069);
#2693=AXIS2_PLACEMENT_3D('',#3801,#3071,#3072);
#2694=AXIS2_PLACEMENT_3D('',#3810,#3077,#3078);
#2695=AXIS2_PLACEMENT_3D('',#3816,#3082,#3083);
#2696=AXIS2_PLACEMENT_3D('',#3820,#3086,#3087);
#2697=AXIS2_PLACEMENT_3D('',#3824,#3090,#3091);
#2698=AXIS2_PLACEMENT_3D('',#3826,#3093,#3094);
#2699=AXIS2_PLACEMENT_3D('',#3835,#3099,#3100);
#2700=AXIS2_PLACEMENT_3D('',#3841,#3104,#3105);
#2701=AXIS2_PLACEMENT_3D('',#3845,#3108,#3109);
#2702=AXIS2_PLACEMENT_3D('',#3849,#3112,#3113);
#2703=AXIS2_PLACEMENT_3D('',#3853,#3116,#3117);
#2704=AXIS2_PLACEMENT_3D('',#3855,#3119,#3120);
#2705=AXIS2_PLACEMENT_3D('',#3864,#3125,#3126);
#2706=AXIS2_PLACEMENT_3D('',#3870,#3130,#3131);
#2707=AXIS2_PLACEMENT_3D('',#3876,#3135,#3136);
#2708=AXIS2_PLACEMENT_3D('',#3879,#3139,#3140);
#2709=AXIS2_PLACEMENT_3D('',#3880,#3141,#3142);
#2710=AXIS2_PLACEMENT_3D('',#3881,#3143,#3144);
#2711=AXIS2_PLACEMENT_3D('',#3887,#3148,#3149);
#2712=AXIS2_PLACEMENT_3D('',#3893,#3153,#3154);
#2713=AXIS2_PLACEMENT_3D('',#3896,#3157,#3158);
#2714=AXIS2_PLACEMENT_3D('',#3897,#3159,#3160);
#2715=AXIS2_PLACEMENT_3D('',#3898,#3161,#3162);
#2716=AXIS2_PLACEMENT_3D('',#3907,#3167,#3168);
#2717=AXIS2_PLACEMENT_3D('',#3913,#3172,#3173);
#2718=AXIS2_PLACEMENT_3D('',#3919,#3177,#3178);
#2719=AXIS2_PLACEMENT_3D('',#3921,#3180,#3181);
#2720=AXIS2_PLACEMENT_3D('',#3923,#3183,#3184);
#2721=AXIS2_PLACEMENT_3D('',#3929,#3188,#3189);
#2722=AXIS2_PLACEMENT_3D('',#3935,#3193,#3194);
#2723=AXIS2_PLACEMENT_3D('',#3937,#3196,#3197);
#2724=AXIS2_PLACEMENT_3D('',#3939,#3199,#3200);
#2725=AXIS2_PLACEMENT_3D('',#3948,#3205,#3206);
#2726=AXIS2_PLACEMENT_3D('',#3951,#3209,#3210);
#2727=AXIS2_PLACEMENT_3D('',#3953,#3212,#3213);
#2728=AXIS2_PLACEMENT_3D('',#3955,#3215,#3216);
#2729=AXIS2_PLACEMENT_3D('',#3956,#3217,#3218);
#2730=AXIS2_PLACEMENT_3D('',#3959,#3221,#3222);
#2731=AXIS2_PLACEMENT_3D('',#3961,#3224,#3225);
#2732=AXIS2_PLACEMENT_3D('',#3963,#3227,#3228);
#2733=AXIS2_PLACEMENT_3D('',#3964,#3229,#3230);
#2734=AXIS2_PLACEMENT_3D('',#3973,#3235,#3236);
#2735=AXIS2_PLACEMENT_3D('',#3979,#3240,#3241);
#2736=AXIS2_PLACEMENT_3D('',#3985,#3245,#3246);
#2737=AXIS2_PLACEMENT_3D('',#3987,#3248,#3249);
#2738=AXIS2_PLACEMENT_3D('',#3989,#3251,#3252);
#2739=AXIS2_PLACEMENT_3D('',#3995,#3256,#3257);
#2740=AXIS2_PLACEMENT_3D('',#4001,#3261,#3262);
#2741=AXIS2_PLACEMENT_3D('',#4003,#3264,#3265);
#2742=AXIS2_PLACEMENT_3D('',#4005,#3267,#3268);
#2743=AXIS2_PLACEMENT_3D('',#4014,#3273,#3274);
#2744=AXIS2_PLACEMENT_3D('',#4017,#3277,#3278);
#2745=AXIS2_PLACEMENT_3D('',#4019,#3280,#3281);
#2746=AXIS2_PLACEMENT_3D('',#4021,#3283,#3284);
#2747=AXIS2_PLACEMENT_3D('',#4022,#3285,#3286);
#2748=AXIS2_PLACEMENT_3D('',#4025,#3289,#3290);
#2749=AXIS2_PLACEMENT_3D('',#4027,#3292,#3293);
#2750=AXIS2_PLACEMENT_3D('',#4029,#3295,#3296);
#2751=AXIS2_PLACEMENT_3D('',#4030,#3297,#3298);
#2752=AXIS2_PLACEMENT_3D('',#4039,#3303,#3304);
#2753=AXIS2_PLACEMENT_3D('',#4045,#3308,#3309);
#2754=AXIS2_PLACEMENT_3D('',#4051,#3313,#3314);
#2755=AXIS2_PLACEMENT_3D('',#4053,#3316,#3317);
#2756=AXIS2_PLACEMENT_3D('',#4055,#3319,#3320);
#2757=AXIS2_PLACEMENT_3D('',#4061,#3324,#3325);
#2758=AXIS2_PLACEMENT_3D('',#4067,#3329,#3330);
#2759=AXIS2_PLACEMENT_3D('',#4069,#3332,#3333);
#2760=AXIS2_PLACEMENT_3D('',#4071,#3335,#3336);
#2761=AXIS2_PLACEMENT_3D('',#4080,#3341,#3342);
#2762=AXIS2_PLACEMENT_3D('',#4083,#3345,#3346);
#2763=AXIS2_PLACEMENT_3D('',#4085,#3348,#3349);
#2764=AXIS2_PLACEMENT_3D('',#4087,#3351,#3352);
#2765=AXIS2_PLACEMENT_3D('',#4088,#3353,#3354);
#2766=AXIS2_PLACEMENT_3D('',#4091,#3357,#3358);
#2767=AXIS2_PLACEMENT_3D('',#4093,#3360,#3361);
#2768=AXIS2_PLACEMENT_3D('',#4095,#3363,#3364);
#2769=AXIS2_PLACEMENT_3D('',#4096,#3365,#3366);
#2770=AXIS2_PLACEMENT_3D('',#4105,#3371,#3372);
#2771=AXIS2_PLACEMENT_3D('',#4111,#3376,#3377);
#2772=AXIS2_PLACEMENT_3D('',#4117,#3381,#3382);
#2773=AXIS2_PLACEMENT_3D('',#4119,#3384,#3385);
#2774=AXIS2_PLACEMENT_3D('',#4121,#3387,#3388);
#2775=AXIS2_PLACEMENT_3D('',#4127,#3392,#3393);
#2776=AXIS2_PLACEMENT_3D('',#4133,#3397,#3398);
#2777=AXIS2_PLACEMENT_3D('',#4135,#3400,#3401);
#2778=AXIS2_PLACEMENT_3D('',#4137,#3403,#3404);
#2779=AXIS2_PLACEMENT_3D('',#4146,#3409,#3410);
#2780=AXIS2_PLACEMENT_3D('',#4149,#3413,#3414);
#2781=AXIS2_PLACEMENT_3D('',#4151,#3416,#3417);
#2782=AXIS2_PLACEMENT_3D('',#4153,#3419,#3420);
#2783=AXIS2_PLACEMENT_3D('',#4154,#3421,#3422);
#2784=AXIS2_PLACEMENT_3D('',#4157,#3425,#3426);
#2785=AXIS2_PLACEMENT_3D('',#4159,#3428,#3429);
#2786=AXIS2_PLACEMENT_3D('',#4161,#3431,#3432);
#2787=AXIS2_PLACEMENT_3D('',#4162,#3433,#3434);
#2788=AXIS2_PLACEMENT_3D('',#4164,#3436,#3437);
#2789=AXIS2_PLACEMENT_3D('',#4165,#3438,#3439);
#2790=AXIS2_PLACEMENT_3D('',#4167,#3441,#3442);
#2791=AXIS2_PLACEMENT_3D('',#4168,#3443,#3444);
#2792=AXIS2_PLACEMENT_3D('',#4169,#3445,#3446);
#2793=AXIS2_PLACEMENT_3D('',#4170,#3447,#3448);
#2794=AXIS2_PLACEMENT_3D('',#4171,#3449,#3450);
#2795=AXIS2_PLACEMENT_3D('',#4172,#3451,#3452);
#2796=DIRECTION('',(0.,0.,1.));
#2797=DIRECTION('',(1.,0.,0.));
#2798=DIRECTION('',(-1.,0.,0.));
#2799=DIRECTION('',(9.37688365392868E-16,-1.,0.));
#2800=DIRECTION('',(-1.,0.,0.));
#2801=DIRECTION('',(-5.59588218057035E-16,1.,0.));
#2802=DIRECTION('',(0.707106781186545,0.70710678118655,0.));
#2803=DIRECTION('',(-1.,0.,0.));
#2804=DIRECTION('',(-7.54227598250786E-16,1.,0.));
#2805=DIRECTION('',(0.,0.,1.));
#2806=DIRECTION('',(1.,0.,0.));
#2807=DIRECTION('',(0.527934936028456,0.41244916877223,-0.742408503790014));
#2808=DIRECTION('',(-0.527934936028456,-0.41244916877223,-0.742408503790014));
#2809=DIRECTION('',(0.,0.,-1.));
#2810=DIRECTION('',(-0.615644041972314,0.788024373724564,0.));
#2811=DIRECTION('',(-0.788024373724564,-0.615644041972314,0.));
#2812=DIRECTION('',(0.,0.,-1.));
#2813=DIRECTION('',(-0.527934936028456,0.41244916877223,0.742408503790014));
#2814=DIRECTION('',(0.527934936028456,-0.41244916877223,0.742408503790014));
#2815=DIRECTION('',(0.615644041972314,0.788024373724564,0.));
#2816=DIRECTION('',(-0.788024373724564,0.615644041972314,0.));
#2817=DIRECTION('',(-7.54227598250786E-16,-1.,0.));
#2818=DIRECTION('',(-1.,0.,0.));
#2819=DIRECTION('',(-1.50845519650157E-15,1.,0.));
#2820=DIRECTION('',(-1.,0.,0.));
#2821=DIRECTION('',(0.,0.,1.));
#2822=DIRECTION('',(1.,0.,0.));
#2823=DIRECTION('',(0.527934936028456,0.41244916877223,-0.742408503790014));
#2824=DIRECTION('',(-0.527934936028456,-0.41244916877223,-0.742408503790014));
#2825=DIRECTION('',(0.,0.,-1.));
#2826=DIRECTION('',(-0.615644041972314,0.788024373724564,0.));
#2827=DIRECTION('',(-0.788024373724564,-0.615644041972314,0.));
#2828=DIRECTION('',(0.,0.,-1.));
#2829=DIRECTION('',(-0.527934936028456,0.41244916877223,0.742408503790014));
#2830=DIRECTION('',(0.527934936028456,-0.41244916877223,0.742408503790014));
#2831=DIRECTION('',(0.615644041972314,0.788024373724564,0.));
#2832=DIRECTION('',(-0.788024373724564,0.615644041972314,0.));
#2833=DIRECTION('',(-1.50845519650157E-15,-1.,0.));
#2834=DIRECTION('',(-1.,0.,0.));
#2835=DIRECTION('',(-7.54227598250786E-16,1.,0.));
#2836=DIRECTION('',(-1.,0.,0.));
#2837=DIRECTION('',(0.,0.,1.));
#2838=DIRECTION('',(1.,0.,0.));
#2839=DIRECTION('',(-1.,0.,0.));
#2840=DIRECTION('',(0.,0.,1.));
#2841=DIRECTION('',(1.,0.,0.));
#2842=DIRECTION('',(0.,0.,1.));
#2843=DIRECTION('',(-1.,0.,0.));
#2844=DIRECTION('',(0.,0.,1.));
#2845=DIRECTION('',(1.,0.,0.));
#2846=DIRECTION('',(0.,0.,1.));
#2847=DIRECTION('',(-1.,0.,0.));
#2848=DIRECTION('',(0.,0.,1.));
#2849=DIRECTION('',(1.,0.,0.));
#2850=DIRECTION('',(0.,0.,1.));
#2851=DIRECTION('',(-1.,0.,0.));
#2852=DIRECTION('',(0.,0.,1.));
#2853=DIRECTION('',(1.,0.,0.));
#2854=DIRECTION('',(0.,0.,1.));
#2855=DIRECTION('',(0.,0.,1.));
#2856=DIRECTION('',(0.,0.,-1.));
#2857=DIRECTION('',(1.,0.,0.));
#2858=DIRECTION('',(0.,0.,-1.));
#2859=DIRECTION('',(4.49410226936997E-16,0.,-1.));
#2860=DIRECTION('',(-1.,0.,-4.43379802166596E-16));
#2861=DIRECTION('',(0.,-1.,0.));
#2862=DIRECTION('',(0.,0.,-1.));
#2863=DIRECTION('',(1.,0.,-9.95799250102959E-17));
#2864=DIRECTION('',(0.,1.,0.));
#2865=DIRECTION('',(1.,0.,-9.95799250102959E-17));
#2866=DIRECTION('',(0.,1.,0.));
#2867=DIRECTION('',(1.,0.,9.95799250102959E-17));
#2868=DIRECTION('',(0.,1.,0.));
#2869=DIRECTION('',(1.,0.,9.95799250102959E-17));
#2870=DIRECTION('',(0.,1.,0.));
#2871=DIRECTION('',(-5.59588218057035E-16,1.,0.));
#2872=DIRECTION('',(0.,-1.,0.));
#2873=DIRECTION('',(-0.642787609686539,-0.766044443118978,0.));
#2874=DIRECTION('',(1.,0.,0.));
#2875=DIRECTION('',(-0.642787609686539,0.766044443118978,0.));
#2876=DIRECTION('',(0.,1.,0.));
#2877=DIRECTION('',(5.59588218057035E-16,1.,0.));
#2878=DIRECTION('',(-0.707106781186542,0.707106781186553,0.));
#2879=DIRECTION('',(1.,0.,0.));
#2880=DIRECTION('',(1.,0.,0.));
#2881=DIRECTION('',(0.707106781186545,0.70710678118655,0.));
#2882=DIRECTION('',(0.,0.,-1.));
#2883=DIRECTION('',(-1.,0.,0.));
#2884=DIRECTION('',(0.,0.,-1.));
#2885=DIRECTION('',(0.64278760968654,-0.766044443118978,0.));
#2886=DIRECTION('',(0.,0.,-1.));
#2887=DIRECTION('',(-0.642787609686539,0.766044443118978,-2.84999043217957E-16));
#2888=DIRECTION('',(-0.766044443118978,-0.642787609686539,0.));
#2889=DIRECTION('',(0.642787609686539,-0.766044443118978,0.));
#2890=DIRECTION('',(0.,0.,-1.));
#2891=DIRECTION('',(0.64278760968654,0.766044443118978,0.));
#2892=DIRECTION('',(0.,0.,-1.));
#2893=DIRECTION('',(-0.642787609686539,-0.766044443118978,-2.84999043217957E-16));
#2894=DIRECTION('',(0.766044443118978,-0.642787609686539,0.));
#2895=DIRECTION('',(0.642787609686539,0.766044443118978,0.));
#2896=DIRECTION('',(0.,0.,-1.));
#2897=DIRECTION('',(0.,1.,0.));
#2898=DIRECTION('',(0.,0.,-1.));
#2899=DIRECTION('',(0.,-1.,0.));
#2900=DIRECTION('',(0.,0.,-1.));
#2901=DIRECTION('',(1.,0.,0.));
#2902=DIRECTION('',(0.,0.,-1.));
#2903=DIRECTION('',(0.,0.,-1.));
#2904=DIRECTION('',(-1.,0.,0.));
#2905=DIRECTION('',(-3.41480999208032E-16,0.,1.));
#2906=DIRECTION('',(1.,0.,-2.58143374401311E-15));
#2907=DIRECTION('',(0.707106781186547,0.,-0.707106781186548));
#2908=DIRECTION('',(3.41480999208032E-16,0.,-1.));
#2909=DIRECTION('',(-1.,0.,-1.70740499604016E-16));
#2910=DIRECTION('',(-3.52152280433283E-16,0.,1.));
#2911=DIRECTION('',(1.,0.,5.54906623713053E-16));
#2912=DIRECTION('',(-1.52065757459827E-14,0.,-1.));
#2913=DIRECTION('',(-1.,0.,-1.70740499604017E-16));
#2914=DIRECTION('',(4.58921554491219E-16,0.,1.));
#2915=DIRECTION('',(0.707106781186569,0.,0.707106781186526));
#2916=DIRECTION('',(1.,0.,4.01556360179817E-16));
#2917=DIRECTION('',(5.12221498812049E-16,0.,-1.));
#2918=DIRECTION('',(-1.,0.,-1.70740499604016E-16));
#2919=DIRECTION('',(0.,0.,1.));
#2920=DIRECTION('',(0.707106781186547,0.,0.707106781186548));
#2921=DIRECTION('',(1.,0.,1.72095582934207E-16));
#2922=DIRECTION('',(-1.,0.,-4.43379802166596E-16));
#2923=DIRECTION('',(0.,0.,-1.));
#2924=DIRECTION('',(0.,0.,-1.));
#2925=DIRECTION('',(0.,0.,-1.));
#2926=DIRECTION('',(0.,0.,-1.));
#2927=DIRECTION('',(0.,-1.,0.));
#2928=DIRECTION('',(0.,0.,-1.));
#2929=DIRECTION('',(0.,-1.,0.));
#2930=DIRECTION('',(-1.,0.,0.));
#2931=DIRECTION('',(0.,1.,-2.6992585207108E-15));
#2932=DIRECTION('',(-1.,0.,0.));
#2933=DIRECTION('',(0.,1.,-2.6992585207108E-15));
#2934=DIRECTION('',(-4.43379802166596E-16,0.,1.));
#2935=DIRECTION('',(1.,0.,4.43221848112074E-16));
#2936=DIRECTION('',(0.,0.,-1.));
#2937=DIRECTION('',(0.,-1.,0.));
#2938=DIRECTION('',(0.,0.,-1.));
#2939=DIRECTION('',(0.,0.,-1.));
#2940=DIRECTION('',(0.,-1.,0.));
#2941=DIRECTION('',(-1.,0.,-4.49410226936997E-16));
#2942=DIRECTION('',(-4.49293380277993E-16,0.,1.));
#2943=DIRECTION('',(0.,-0.810421678379293,-0.585846996418766));
#2944=DIRECTION('',(0.,-0.810421678379293,-0.585846996418766));
#2945=DIRECTION('',(-1.,0.,0.));
#2946=DIRECTION('',(0.,0.585846996418766,-0.810421678379293));
#2947=DIRECTION('',(0.,0.810421678379293,0.585846996418766));
#2948=DIRECTION('',(0.,0.,1.));
#2949=DIRECTION('',(-1.,0.,0.));
#2950=DIRECTION('',(0.,0.,1.));
#2951=DIRECTION('',(0.,-1.,0.));
#2952=DIRECTION('',(0.,0.,-1.));
#2953=DIRECTION('',(0.,-1.,-1.15648231731787E-15));
#2954=DIRECTION('',(0.,-1.,-1.15648231731787E-15));
#2955=DIRECTION('',(0.,1.15648231731787E-15,-1.));
#2956=DIRECTION('',(0.,1.,1.15619319673854E-15));
#2957=DIRECTION('',(-1.,0.,0.));
#2958=DIRECTION('',(0.,0.,1.));
#2959=DIRECTION('',(-1.,0.,0.));
#2960=DIRECTION('',(0.,0.,1.));
#2961=DIRECTION('',(0.60658472488997,-0.722899525100392,-0.330864395394529));
#2962=DIRECTION('',(0.64278760968654,-0.766044443118978,0.));
#2963=DIRECTION('',(-0.766044443118978,-0.642787609686539,0.));
#2964=DIRECTION('',(0.642787609686539,-0.766044443118978,0.));
#2965=DIRECTION('',(0.60658472488997,0.722899525100392,0.330864395394529));
#2966=DIRECTION('',(0.64278760968654,0.766044443118978,0.));
#2967=DIRECTION('',(0.766044443118978,-0.642787609686539,0.));
#2968=DIRECTION('',(0.642787609686539,0.766044443118978,0.));
#2969=DIRECTION('',(-5.19859224602396E-16,1.,0.));
#2970=DIRECTION('',(0.,0.,1.));
#2971=DIRECTION('',(-5.19859224602396E-16,1.,0.));
#2972=DIRECTION('',(1.,5.19859224602396E-16,0.));
#2973=DIRECTION('',(-5.19549681055054E-16,1.,0.));
#2974=DIRECTION('',(1.,9.29316147844716E-16,0.));
#2975=DIRECTION('',(1.,9.29316147844716E-16,0.));
#2976=DIRECTION('',(9.29316147844716E-16,-1.,0.));
#2977=DIRECTION('',(1.,9.29378102254574E-16,0.));
#2978=DIRECTION('',(0.,0.,-1.));
#2979=DIRECTION('',(-1.,0.,0.));
#2980=DIRECTION('',(0.,0.,-1.));
#2981=DIRECTION('',(-1.,0.,0.));
#2982=DIRECTION('',(-5.19859224602396E-16,-1.,0.));
#2983=DIRECTION('',(-5.19859224602396E-16,-1.,0.));
#2984=DIRECTION('',(0.,0.,1.));
#2985=DIRECTION('',(-1.,5.19859224602396E-16,0.));
#2986=DIRECTION('',(-5.19549681055054E-16,-1.,0.));
#2987=DIRECTION('',(1.,-9.29316147844716E-16,0.));
#2988=DIRECTION('',(1.,-9.29316147844716E-16,0.));
#2989=DIRECTION('',(-9.29316147844716E-16,-1.,0.));
#2990=DIRECTION('',(1.,-9.29378102254574E-16,0.));
#2991=DIRECTION('',(0.,0.,-1.));
#2992=DIRECTION('',(-1.,0.,0.));
#2993=DIRECTION('',(0.,0.,-1.));
#2994=DIRECTION('',(-1.,0.,0.));
#2995=DIRECTION('',(0.,0.,-1.));
#2996=DIRECTION('',(0.,0.,-1.));
#2997=DIRECTION('',(-1.,-5.59588218057035E-16,0.));
#2998=DIRECTION('',(5.5944832100252E-16,-1.,0.));
#2999=DIRECTION('',(-0.877895572914385,0.,-0.478852130680573));
#3000=DIRECTION('',(0.,-1.,0.));
#3001=DIRECTION('',(0.,0.,-1.));
#3002=DIRECTION('',(0.,0.,-1.));
#3003=DIRECTION('',(-0.70710678118655,0.707106781186545,0.));
#3004=DIRECTION('',(-0.707106781186545,-0.70710678118655,0.));
#3005=DIRECTION('',(0.,0.,-1.));
#3006=DIRECTION('',(-0.707106781186542,0.707106781186553,0.));
#3007=DIRECTION('',(0.,0.,-1.));
#3008=DIRECTION('',(-0.707106781186553,-0.707106781186542,0.));
#3009=DIRECTION('',(0.707106781186542,-0.707106781186553,0.));
#3010=DIRECTION('',(0.,0.,-1.));
#3011=DIRECTION('',(5.59588218057035E-16,1.,0.));
#3012=DIRECTION('',(-1.,5.59588218057035E-16,0.));
#3013=DIRECTION('',(-5.5944832100252E-16,-1.,0.));
#3014=DIRECTION('',(-0.877895572914385,0.,0.478852130680573));
#3015=DIRECTION('',(1.,0.,0.));
#3016=DIRECTION('',(0.,1.,0.));
#3017=DIRECTION('',(0.,0.,1.));
#3018=DIRECTION('',(-1.,0.,0.));
#3019=DIRECTION('',(-7.54227598250786E-16,-1.,0.));
#3020=DIRECTION('',(-1.,0.,0.));
#3021=DIRECTION('',(0.,0.,-1.));
#3022=DIRECTION('',(-1.,0.,0.));
#3023=DIRECTION('',(-0.478852130680573,0.,0.877895572914385));
#3024=DIRECTION('',(0.,-1.,0.));
#3025=DIRECTION('',(0.478852130680573,0.,0.877895572914385));
#3026=DIRECTION('',(0.,-1.,0.));
#3027=DIRECTION('',(0.,1.,0.));
#3028=DIRECTION('',(-5.12221498812049E-16,0.,1.));
#3029=DIRECTION('',(0.,1.,0.));
#3030=DIRECTION('',(-1.,0.,-5.12221498812049E-16));
#3031=DIRECTION('',(-5.12177106282152E-16,0.,1.));
#3032=DIRECTION('',(0.,1.,0.));
#3033=DIRECTION('',(-1.,0.,-1.72095582934207E-16));
#3034=DIRECTION('',(1.72095582934207E-16,0.,-1.));
#3035=DIRECTION('',(-1.,0.,-1.7206288477345E-16));
#3036=DIRECTION('',(0.,1.,0.));
#3037=DIRECTION('',(-0.707106781186547,0.,-0.707106781186548));
#3038=DIRECTION('',(0.707106781186548,0.,-0.707106781186547));
#3039=DIRECTION('',(-0.707106781186547,0.,-0.707106781186548));
#3040=DIRECTION('',(0.,1.,0.));
#3041=DIRECTION('',(0.,0.,-1.));
#3042=DIRECTION('',(1.,0.,0.));
#3043=DIRECTION('',(0.,0.,-1.));
#3044=DIRECTION('',(1.,0.,1.70740499604016E-16));
#3045=DIRECTION('',(-1.70740499604016E-16,0.,1.));
#3046=DIRECTION('',(1.,0.,1.70870262383715E-16));
#3047=DIRECTION('',(0.,0.,1.));
#3048=DIRECTION('',(-1.,0.,0.));
#3049=DIRECTION('',(0.,0.,1.));
#3050=DIRECTION('',(1.,0.,0.));
#3051=DIRECTION('',(0.,-1.,0.));
#3052=DIRECTION('',(0.,0.,-1.));
#3053=DIRECTION('',(0.,1.,0.));
#3054=DIRECTION('',(1.52065757459827E-14,0.,1.));
#3055=DIRECTION('',(0.,1.,0.));
#3056=DIRECTION('',(-1.,0.,1.52065757459827E-14));
#3057=DIRECTION('',(1.52065859904127E-14,0.,1.));
#3058=DIRECTION('',(0.,1.,0.));
#3059=DIRECTION('',(-1.,0.,-4.01556360179817E-16));
#3060=DIRECTION('',(4.01556360179817E-16,0.,-1.));
#3061=DIRECTION('',(-1.,0.,-4.01588484688631E-16));
#3062=DIRECTION('',(0.,1.,0.));
#3063=DIRECTION('',(-0.707106781186569,0.,-0.707106781186526));
#3064=DIRECTION('',(0.707106781186526,0.,-0.707106781186569));
#3065=DIRECTION('',(-0.707106781186569,0.,-0.707106781186526));
#3066=DIRECTION('',(0.,1.,0.));
#3067=DIRECTION('',(-4.58921554491219E-16,0.,-1.));
#3068=DIRECTION('',(1.,0.,-4.58921554491219E-16));
#3069=DIRECTION('',(-4.58834359395865E-16,0.,-1.));
#3070=DIRECTION('',(1.,0.,1.70740499604017E-16));
#3071=DIRECTION('',(-1.70740499604017E-16,0.,1.));
#3072=DIRECTION('',(1.,0.,1.70870262383715E-16));
#3073=DIRECTION('',(0.,0.,1.));
#3074=DIRECTION('',(-1.,0.,0.));
#3075=DIRECTION('',(0.,0.,1.));
#3076=DIRECTION('',(1.,0.,0.));
#3077=DIRECTION('',(0.,-1.,0.));
#3078=DIRECTION('',(0.,0.,-1.));
#3079=DIRECTION('',(0.,1.,0.));
#3080=DIRECTION('',(-3.41480999208032E-16,0.,1.));
#3081=DIRECTION('',(0.,1.,0.));
#3082=DIRECTION('',(-1.,0.,-3.41480999208032E-16));
#3083=DIRECTION('',(-3.41306843898437E-16,0.,1.));
#3084=DIRECTION('',(0.,1.,0.));
#3085=DIRECTION('',(-1.,0.,-5.54906623713053E-16));
#3086=DIRECTION('',(5.54906623713053E-16,0.,-1.));
#3087=DIRECTION('',(-1.,0.,-5.54894671878081E-16));
#3088=DIRECTION('',(0.,1.,0.));
#3089=DIRECTION('',(3.52152280433283E-16,0.,-1.));
#3090=DIRECTION('',(1.,0.,3.52152280433283E-16));
#3091=DIRECTION('',(3.52148865623292E-16,0.,-1.));
#3092=DIRECTION('',(1.,0.,1.70740499604016E-16));
#3093=DIRECTION('',(-1.70740499604016E-16,0.,1.));
#3094=DIRECTION('',(1.,0.,1.70870262383715E-16));
#3095=DIRECTION('',(0.,0.,1.));
#3096=DIRECTION('',(-1.,0.,0.));
#3097=DIRECTION('',(0.,0.,1.));
#3098=DIRECTION('',(1.,0.,0.));
#3099=DIRECTION('',(0.,-1.,0.));
#3100=DIRECTION('',(0.,0.,-1.));
#3101=DIRECTION('',(0.,1.,0.));
#3102=DIRECTION('',(0.,0.,1.));
#3103=DIRECTION('',(0.,1.,0.));
#3104=DIRECTION('',(-1.,0.,0.));
#3105=DIRECTION('',(0.,0.,1.));
#3106=DIRECTION('',(0.,1.,0.));
#3107=DIRECTION('',(-0.707106781186547,0.,0.707106781186548));
#3108=DIRECTION('',(-0.707106781186548,0.,-0.707106781186547));
#3109=DIRECTION('',(-0.707106781186547,0.,0.707106781186548));
#3110=DIRECTION('',(0.,1.,0.));
#3111=DIRECTION('',(-1.,0.,2.58143374401311E-15));
#3112=DIRECTION('',(-2.58143374401311E-15,0.,-1.));
#3113=DIRECTION('',(-1.,0.,2.58148537268799E-15));
#3114=DIRECTION('',(0.,1.,0.));
#3115=DIRECTION('',(3.41480999208032E-16,0.,-1.));
#3116=DIRECTION('',(1.,0.,3.41480999208032E-16));
#3117=DIRECTION('',(3.41306843898437E-16,0.,-1.));
#3118=DIRECTION('',(1.,0.,0.));
#3119=DIRECTION('',(0.,0.,1.));
#3120=DIRECTION('',(1.,0.,0.));
#3121=DIRECTION('',(0.,0.,1.));
#3122=DIRECTION('',(-1.,0.,0.));
#3123=DIRECTION('',(0.,0.,1.));
#3124=DIRECTION('',(1.,0.,0.));
#3125=DIRECTION('',(0.,-1.,0.));
#3126=DIRECTION('',(0.,0.,-1.));
#3127=DIRECTION('',(0.,0.,1.));
#3128=DIRECTION('',(0.,0.,1.));
#3129=DIRECTION('',(0.,1.,0.));
#3130=DIRECTION('',(-1.,0.,0.));
#3131=DIRECTION('',(0.,0.,1.));
#3132=DIRECTION('',(-1.,0.,0.));
#3133=DIRECTION('',(-1.,0.,0.));
#3134=DIRECTION('',(0.,1.,0.));
#3135=DIRECTION('',(0.,0.,-1.));
#3136=DIRECTION('',(-1.,0.,0.));
#3137=DIRECTION('',(0.,0.,-1.));
#3138=DIRECTION('',(0.,0.,-1.));
#3139=DIRECTION('',(1.,0.,0.));
#3140=DIRECTION('',(0.,0.,-1.));
#3141=DIRECTION('',(0.,-1.,0.));
#3142=DIRECTION('',(0.,0.,-1.));
#3143=DIRECTION('',(0.,-1.,0.));
#3144=DIRECTION('',(0.,0.,-1.));
#3145=DIRECTION('',(0.,0.,1.));
#3146=DIRECTION('',(0.,0.,1.));
#3147=DIRECTION('',(0.,1.,0.));
#3148=DIRECTION('',(-1.,0.,0.));
#3149=DIRECTION('',(0.,0.,1.));
#3150=DIRECTION('',(-1.,0.,0.));
#3151=DIRECTION('',(-1.,0.,0.));
#3152=DIRECTION('',(0.,1.,0.));
#3153=DIRECTION('',(0.,0.,-1.));
#3154=DIRECTION('',(-1.,0.,0.));
#3155=DIRECTION('',(0.,0.,-1.));
#3156=DIRECTION('',(0.,0.,-1.));
#3157=DIRECTION('',(1.,0.,0.));
#3158=DIRECTION('',(0.,0.,-1.));
#3159=DIRECTION('',(0.,-1.,0.));
#3160=DIRECTION('',(0.,0.,-1.));
#3161=DIRECTION('',(0.,-1.,0.));
#3162=DIRECTION('',(0.,0.,-1.));
#3163=DIRECTION('',(0.,0.,1.));
#3164=DIRECTION('',(-1.,0.,0.));
#3165=DIRECTION('',(0.,0.,-1.));
#3166=DIRECTION('',(1.,0.,0.));
#3167=DIRECTION('',(0.,1.,0.));
#3168=DIRECTION('',(0.,0.,1.));
#3169=DIRECTION('',(0.,-1.,-4.86826045643632E-16));
#3170=DIRECTION('',(0.,0.,-1.));
#3171=DIRECTION('',(0.,1.,-8.11376742739386E-17));
#3172=DIRECTION('',(1.,0.,0.));
#3173=DIRECTION('',(0.,0.,-1.));
#3174=DIRECTION('',(0.,1.,-8.11376742739386E-17));
#3175=DIRECTION('',(0.,0.,1.));
#3176=DIRECTION('',(0.,-1.,-4.86826045643632E-16));
#3177=DIRECTION('',(1.,0.,0.));
#3178=DIRECTION('',(0.,0.,-1.));
#3179=DIRECTION('',(1.,0.,0.));
#3180=DIRECTION('',(0.,4.86826045643632E-16,-1.));
#3181=DIRECTION('',(0.,1.,4.87023615880489E-16));
#3182=DIRECTION('',(-1.,0.,0.));
#3183=DIRECTION('',(0.,8.11376742739386E-17,1.));
#3184=DIRECTION('',(0.,-1.,8.10983225019157E-17));
#3185=DIRECTION('',(0.,1.,-8.11376742739386E-17));
#3186=DIRECTION('',(1.,0.,0.));
#3187=DIRECTION('',(0.,1.,-8.11376742739386E-17));
#3188=DIRECTION('',(0.,8.11376742739386E-17,1.));
#3189=DIRECTION('',(0.,-1.,8.10983225019157E-17));
#3190=DIRECTION('',(0.,-1.,-4.86826045643632E-16));
#3191=DIRECTION('',(-1.,0.,0.));
#3192=DIRECTION('',(0.,-1.,-4.86826045643632E-16));
#3193=DIRECTION('',(0.,4.86826045643632E-16,-1.));
#3194=DIRECTION('',(0.,1.,4.87023615880489E-16));
#3195=DIRECTION('',(0.,0.,1.));
#3196=DIRECTION('',(1.,0.,0.));
#3197=DIRECTION('',(0.,0.,-1.));
#3198=DIRECTION('',(0.,0.,-1.));
#3199=DIRECTION('',(1.,0.,0.));
#3200=DIRECTION('',(0.,0.,-1.));
#3201=DIRECTION('',(0.,0.,1.));
#3202=DIRECTION('',(1.,0.,0.));
#3203=DIRECTION('',(0.,0.,-1.));
#3204=DIRECTION('',(-1.,0.,0.));
#3205=DIRECTION('',(0.,-1.,0.));
#3206=DIRECTION('',(0.,0.,-1.));
#3207=DIRECTION('',(-0.245599354379008,-0.937742989447124,-0.245599354379008));
#3208=DIRECTION('',(-0.245599354379008,0.937742989447124,0.245599354379008));
#3209=DIRECTION('',(0.,-0.253359391837683,0.967372223380246));
#3210=DIRECTION('',(-1.,0.,0.));
#3211=DIRECTION('',(-0.245599354379008,0.937742989447124,-0.245599354379008));
#3212=DIRECTION('',(0.967372223380246,0.253359391837683,0.));
#3213=DIRECTION('',(0.,0.,-1.));
#3214=DIRECTION('',(-0.245599354379008,-0.937742989447124,0.245599354379008));
#3215=DIRECTION('',(0.967372223380246,-0.253359391837683,0.));
#3216=DIRECTION('',(0.,0.,1.));
#3217=DIRECTION('',(0.,-0.253359391837683,-0.967372223380246));
#3218=DIRECTION('',(-1.,0.,0.));
#3219=DIRECTION('',(0.245599354379008,-0.937742989447124,0.245599354379009));
#3220=DIRECTION('',(0.245599354379008,0.937742989447124,-0.245599354379009));
#3221=DIRECTION('',(0.,0.253359391837683,0.967372223380245));
#3222=DIRECTION('',(-1.,0.,0.));
#3223=DIRECTION('',(0.245599354379008,0.937742989447124,0.245599354379009));
#3224=DIRECTION('',(0.967372223380245,-0.253359391837683,0.));
#3225=DIRECTION('',(0.,0.,1.));
#3226=DIRECTION('',(0.245599354379008,-0.937742989447124,-0.245599354379009));
#3227=DIRECTION('',(0.967372223380245,0.253359391837683,0.));
#3228=DIRECTION('',(0.,0.,-1.));
#3229=DIRECTION('',(0.,0.253359391837684,-0.967372223380245));
#3230=DIRECTION('',(-1.,0.,0.));
#3231=DIRECTION('',(0.,0.,1.));
#3232=DIRECTION('',(-1.,0.,0.));
#3233=DIRECTION('',(0.,0.,-1.));
#3234=DIRECTION('',(1.,0.,0.));
#3235=DIRECTION('',(0.,1.,0.));
#3236=DIRECTION('',(0.,0.,1.));
#3237=DIRECTION('',(0.,-1.,-4.86826045643632E-16));
#3238=DIRECTION('',(0.,0.,-1.));
#3239=DIRECTION('',(0.,1.,-8.11376742739386E-17));
#3240=DIRECTION('',(1.,0.,0.));
#3241=DIRECTION('',(0.,0.,-1.));
#3242=DIRECTION('',(0.,1.,-8.11376742739386E-17));
#3243=DIRECTION('',(0.,0.,1.));
#3244=DIRECTION('',(0.,-1.,-4.86826045643632E-16));
#3245=DIRECTION('',(1.,0.,0.));
#3246=DIRECTION('',(0.,0.,-1.));
#3247=DIRECTION('',(1.,0.,0.));
#3248=DIRECTION('',(0.,4.86826045643632E-16,-1.));
#3249=DIRECTION('',(0.,1.,4.87023615880489E-16));
#3250=DIRECTION('',(-1.,0.,0.));
#3251=DIRECTION('',(0.,8.11376742739386E-17,1.));
#3252=DIRECTION('',(0.,-1.,8.10983225019157E-17));
#3253=DIRECTION('',(0.,1.,-8.11376742739386E-17));
#3254=DIRECTION('',(1.,0.,0.));
#3255=DIRECTION('',(0.,1.,-8.11376742739386E-17));
#3256=DIRECTION('',(0.,8.11376742739386E-17,1.));
#3257=DIRECTION('',(0.,-1.,8.10983225019157E-17));
#3258=DIRECTION('',(0.,-1.,-4.86826045643632E-16));
#3259=DIRECTION('',(-1.,0.,0.));
#3260=DIRECTION('',(0.,-1.,-4.86826045643632E-16));
#3261=DIRECTION('',(0.,4.86826045643632E-16,-1.));
#3262=DIRECTION('',(0.,1.,4.87023615880489E-16));
#3263=DIRECTION('',(0.,0.,1.));
#3264=DIRECTION('',(1.,0.,0.));
#3265=DIRECTION('',(0.,0.,-1.));
#3266=DIRECTION('',(0.,0.,-1.));
#3267=DIRECTION('',(1.,0.,0.));
#3268=DIRECTION('',(0.,0.,-1.));
#3269=DIRECTION('',(0.,0.,1.));
#3270=DIRECTION('',(1.,0.,0.));
#3271=DIRECTION('',(0.,0.,-1.));
#3272=DIRECTION('',(-1.,0.,0.));
#3273=DIRECTION('',(0.,-1.,0.));
#3274=DIRECTION('',(0.,0.,-1.));
#3275=DIRECTION('',(-0.245599354379008,-0.937742989447124,-0.245599354379008));
#3276=DIRECTION('',(-0.245599354379008,0.937742989447124,0.245599354379008));
#3277=DIRECTION('',(0.,-0.253359391837683,0.967372223380246));
#3278=DIRECTION('',(-1.,0.,0.));
#3279=DIRECTION('',(-0.245599354379008,0.937742989447124,-0.245599354379008));
#3280=DIRECTION('',(0.967372223380245,0.253359391837683,0.));
#3281=DIRECTION('',(0.,0.,-1.));
#3282=DIRECTION('',(-0.245599354379008,-0.937742989447124,0.245599354379008));
#3283=DIRECTION('',(0.967372223380246,-0.253359391837683,0.));
#3284=DIRECTION('',(0.,0.,1.));
#3285=DIRECTION('',(0.,-0.253359391837683,-0.967372223380246));
#3286=DIRECTION('',(-1.,0.,0.));
#3287=DIRECTION('',(0.245599354379008,-0.937742989447124,0.245599354379009));
#3288=DIRECTION('',(0.245599354379009,0.937742989447124,-0.245599354379009));
#3289=DIRECTION('',(0.,0.253359391837683,0.967372223380245));
#3290=DIRECTION('',(-1.,0.,0.));
#3291=DIRECTION('',(0.245599354379009,0.937742989447124,0.245599354379009));
#3292=DIRECTION('',(0.967372223380245,-0.253359391837683,0.));
#3293=DIRECTION('',(0.,0.,1.));
#3294=DIRECTION('',(0.245599354379008,-0.937742989447124,-0.245599354379009));
#3295=DIRECTION('',(0.967372223380245,0.253359391837683,0.));
#3296=DIRECTION('',(0.,0.,-1.));
#3297=DIRECTION('',(0.,0.253359391837684,-0.967372223380245));
#3298=DIRECTION('',(-1.,0.,0.));
#3299=DIRECTION('',(0.,0.,1.));
#3300=DIRECTION('',(-1.,0.,0.));
#3301=DIRECTION('',(0.,0.,-1.));
#3302=DIRECTION('',(1.,0.,0.));
#3303=DIRECTION('',(0.,1.,0.));
#3304=DIRECTION('',(0.,0.,1.));
#3305=DIRECTION('',(0.,-1.,-4.86826045643632E-16));
#3306=DIRECTION('',(0.,0.,-1.));
#3307=DIRECTION('',(0.,1.,-8.11376742739386E-17));
#3308=DIRECTION('',(1.,0.,0.));
#3309=DIRECTION('',(0.,0.,-1.));
#3310=DIRECTION('',(0.,1.,-8.11376742739386E-17));
#3311=DIRECTION('',(0.,0.,1.));
#3312=DIRECTION('',(0.,-1.,-4.86826045643632E-16));
#3313=DIRECTION('',(1.,0.,0.));
#3314=DIRECTION('',(0.,0.,-1.));
#3315=DIRECTION('',(1.,0.,0.));
#3316=DIRECTION('',(0.,4.86826045643632E-16,-1.));
#3317=DIRECTION('',(0.,1.,4.87023615880489E-16));
#3318=DIRECTION('',(-1.,0.,0.));
#3319=DIRECTION('',(0.,8.11376742739386E-17,1.));
#3320=DIRECTION('',(0.,-1.,8.10983225019157E-17));
#3321=DIRECTION('',(0.,1.,-8.11376742739386E-17));
#3322=DIRECTION('',(1.,0.,0.));
#3323=DIRECTION('',(0.,1.,-8.11376742739386E-17));
#3324=DIRECTION('',(0.,8.11376742739386E-17,1.));
#3325=DIRECTION('',(0.,-1.,8.10983225019157E-17));
#3326=DIRECTION('',(0.,-1.,-4.86826045643632E-16));
#3327=DIRECTION('',(-1.,0.,0.));
#3328=DIRECTION('',(0.,-1.,-4.86826045643632E-16));
#3329=DIRECTION('',(0.,4.86826045643632E-16,-1.));
#3330=DIRECTION('',(0.,1.,4.87023615880489E-16));
#3331=DIRECTION('',(0.,0.,1.));
#3332=DIRECTION('',(1.,0.,0.));
#3333=DIRECTION('',(0.,0.,-1.));
#3334=DIRECTION('',(0.,0.,-1.));
#3335=DIRECTION('',(1.,0.,0.));
#3336=DIRECTION('',(0.,0.,-1.));
#3337=DIRECTION('',(0.,0.,1.));
#3338=DIRECTION('',(1.,0.,0.));
#3339=DIRECTION('',(0.,0.,-1.));
#3340=DIRECTION('',(-1.,0.,0.));
#3341=DIRECTION('',(0.,-1.,0.));
#3342=DIRECTION('',(0.,0.,-1.));
#3343=DIRECTION('',(-0.245599354379008,-0.937742989447124,-0.245599354379008));
#3344=DIRECTION('',(-0.245599354379008,0.937742989447124,0.245599354379008));
#3345=DIRECTION('',(0.,-0.253359391837683,0.967372223380246));
#3346=DIRECTION('',(-1.,0.,0.));
#3347=DIRECTION('',(-0.245599354379008,0.937742989447124,-0.245599354379008));
#3348=DIRECTION('',(0.967372223380245,0.253359391837683,0.));
#3349=DIRECTION('',(0.,0.,-1.));
#3350=DIRECTION('',(-0.245599354379008,-0.937742989447124,0.245599354379008));
#3351=DIRECTION('',(0.967372223380246,-0.253359391837683,0.));
#3352=DIRECTION('',(0.,0.,1.));
#3353=DIRECTION('',(0.,-0.253359391837683,-0.967372223380246));
#3354=DIRECTION('',(-1.,0.,0.));
#3355=DIRECTION('',(0.245599354379008,-0.937742989447124,0.245599354379009));
#3356=DIRECTION('',(0.245599354379009,0.937742989447124,-0.245599354379009));
#3357=DIRECTION('',(0.,0.253359391837683,0.967372223380245));
#3358=DIRECTION('',(-1.,0.,0.));
#3359=DIRECTION('',(0.245599354379009,0.937742989447124,0.245599354379009));
#3360=DIRECTION('',(0.967372223380245,-0.253359391837683,0.));
#3361=DIRECTION('',(0.,0.,1.));
#3362=DIRECTION('',(0.245599354379008,-0.937742989447124,-0.245599354379009));
#3363=DIRECTION('',(0.967372223380245,0.253359391837683,0.));
#3364=DIRECTION('',(0.,0.,-1.));
#3365=DIRECTION('',(0.,0.253359391837684,-0.967372223380245));
#3366=DIRECTION('',(-1.,0.,0.));
#3367=DIRECTION('',(0.,0.,1.));
#3368=DIRECTION('',(-1.,0.,0.));
#3369=DIRECTION('',(0.,0.,-1.));
#3370=DIRECTION('',(1.,0.,0.));
#3371=DIRECTION('',(0.,1.,0.));
#3372=DIRECTION('',(0.,0.,1.));
#3373=DIRECTION('',(0.,-1.,-4.86826045643632E-16));
#3374=DIRECTION('',(0.,0.,-1.));
#3375=DIRECTION('',(0.,1.,-8.11376742739386E-17));
#3376=DIRECTION('',(1.,0.,0.));
#3377=DIRECTION('',(0.,0.,-1.));
#3378=DIRECTION('',(0.,1.,-8.11376742739386E-17));
#3379=DIRECTION('',(0.,0.,1.));
#3380=DIRECTION('',(0.,-1.,-4.86826045643632E-16));
#3381=DIRECTION('',(1.,0.,0.));
#3382=DIRECTION('',(0.,0.,-1.));
#3383=DIRECTION('',(1.,0.,0.));
#3384=DIRECTION('',(0.,4.86826045643632E-16,-1.));
#3385=DIRECTION('',(0.,1.,4.87023615880489E-16));
#3386=DIRECTION('',(-1.,0.,0.));
#3387=DIRECTION('',(0.,8.11376742739386E-17,1.));
#3388=DIRECTION('',(0.,-1.,8.10983225019157E-17));
#3389=DIRECTION('',(0.,1.,-8.11376742739386E-17));
#3390=DIRECTION('',(1.,0.,0.));
#3391=DIRECTION('',(0.,1.,-8.11376742739386E-17));
#3392=DIRECTION('',(0.,8.11376742739386E-17,1.));
#3393=DIRECTION('',(0.,-1.,8.10983225019157E-17));
#3394=DIRECTION('',(0.,-1.,-4.86826045643632E-16));
#3395=DIRECTION('',(-1.,0.,0.));
#3396=DIRECTION('',(0.,-1.,-4.86826045643632E-16));
#3397=DIRECTION('',(0.,4.86826045643632E-16,-1.));
#3398=DIRECTION('',(0.,1.,4.87023615880489E-16));
#3399=DIRECTION('',(0.,0.,1.));
#3400=DIRECTION('',(1.,0.,0.));
#3401=DIRECTION('',(0.,0.,-1.));
#3402=DIRECTION('',(0.,0.,-1.));
#3403=DIRECTION('',(1.,0.,0.));
#3404=DIRECTION('',(0.,0.,-1.));
#3405=DIRECTION('',(0.,0.,1.));
#3406=DIRECTION('',(1.,0.,0.));
#3407=DIRECTION('',(0.,0.,-1.));
#3408=DIRECTION('',(-1.,0.,0.));
#3409=DIRECTION('',(0.,-1.,0.));
#3410=DIRECTION('',(0.,0.,-1.));
#3411=DIRECTION('',(-0.245599354379008,-0.937742989447124,-0.245599354379008));
#3412=DIRECTION('',(-0.245599354379008,0.937742989447124,0.245599354379008));
#3413=DIRECTION('',(0.,-0.253359391837683,0.967372223380246));
#3414=DIRECTION('',(-1.,0.,0.));
#3415=DIRECTION('',(-0.245599354379008,0.937742989447124,-0.245599354379008));
#3416=DIRECTION('',(0.967372223380246,0.253359391837683,0.));
#3417=DIRECTION('',(0.,0.,-1.));
#3418=DIRECTION('',(-0.245599354379008,-0.937742989447124,0.245599354379008));
#3419=DIRECTION('',(0.967372223380246,-0.253359391837683,0.));
#3420=DIRECTION('',(0.,0.,1.));
#3421=DIRECTION('',(0.,-0.253359391837683,-0.967372223380246));
#3422=DIRECTION('',(-1.,0.,0.));
#3423=DIRECTION('',(0.245599354379008,-0.937742989447124,0.245599354379009));
#3424=DIRECTION('',(0.245599354379008,0.937742989447124,-0.245599354379009));
#3425=DIRECTION('',(0.,0.253359391837683,0.967372223380245));
#3426=DIRECTION('',(-1.,0.,0.));
#3427=DIRECTION('',(0.245599354379008,0.937742989447124,0.245599354379009));
#3428=DIRECTION('',(0.967372223380245,-0.253359391837683,0.));
#3429=DIRECTION('',(0.,0.,1.));
#3430=DIRECTION('',(0.245599354379008,-0.937742989447124,-0.245599354379009));
#3431=DIRECTION('',(0.967372223380245,0.253359391837683,0.));
#3432=DIRECTION('',(0.,0.,-1.));
#3433=DIRECTION('',(0.,0.253359391837684,-0.967372223380245));
#3434=DIRECTION('',(-1.,0.,0.));
#3435=DIRECTION('',(0.,0.,-1.));
#3436=DIRECTION('',(0.,-1.,0.));
#3437=DIRECTION('',(0.,0.,-1.));
#3438=DIRECTION('',(1.,-7.54227598250786E-16,0.));
#3439=DIRECTION('',(7.54604712049911E-16,1.,0.));
#3440=DIRECTION('',(0.,0.,-1.));
#3441=DIRECTION('',(0.,-1.,0.));
#3442=DIRECTION('',(0.,0.,-1.));
#3443=DIRECTION('',(-1.,-7.54227598250786E-16,0.));
#3444=DIRECTION('',(7.54604712049911E-16,-1.,0.));
#3445=DIRECTION('',(0.,0.874157276121538,0.485642931178632));
#3446=DIRECTION('',(0.,-0.485642931178632,0.874157276121538));
#3447=DIRECTION('',(0.,0.874157276121537,-0.485642931178633));
#3448=DIRECTION('',(0.,0.485642931178633,0.874157276121537));
#3449=DIRECTION('',(0.,0.874157276121538,0.485642931178632));
#3450=DIRECTION('',(0.,-0.485642931178632,0.874157276121538));
#3451=DIRECTION('',(0.,0.874157276121537,-0.485642931178633));
#3452=DIRECTION('',(0.,0.485642931178633,0.874157276121537));
#3453=CARTESIAN_POINT('',(0.,0.,0.));
#3454=CARTESIAN_POINT('',(7.825,11.05,-0.509999999999999));
#3455=CARTESIAN_POINT('',(7.825,11.05,-0.509999999999999));
#3456=CARTESIAN_POINT('',(7.185,11.05,-0.509999999999999));
#3457=CARTESIAN_POINT('',(7.825,8.05,-0.51));
#3458=CARTESIAN_POINT('',(7.825,8.05,-0.51));
#3459=CARTESIAN_POINT('',(6.89,8.05,-0.51));
#3460=CARTESIAN_POINT('',(6.89,8.05,-0.51));
#3461=CARTESIAN_POINT('',(6.89,9.6,-0.51));
#3462=CARTESIAN_POINT('',(6.89,9.6,-0.51));
#3463=CARTESIAN_POINT('',(7.19,9.9,-0.51));
#3464=CARTESIAN_POINT('',(7.19,9.9,-0.51));
#3465=CARTESIAN_POINT('',(7.825,9.9,-0.51));
#3466=CARTESIAN_POINT('',(7.185,9.9,-0.51));
#3467=CARTESIAN_POINT('',(7.185,9.9,-0.51));
#3468=CARTESIAN_POINT('',(0.,0.,-0.51));
#3469=CARTESIAN_POINT('',(-7.825,11.05,0.39));
#3470=CARTESIAN_POINT('',(-7.825,11.05,0.390000000000001));
#3471=CARTESIAN_POINT('',(-7.505,11.3,-0.0599999999999991));
#3472=CARTESIAN_POINT('',(-7.47225095264018,11.3255851932499,-0.0139466521502456));
#3473=CARTESIAN_POINT('',(-7.825,11.05,-0.509999999999999));
#3474=CARTESIAN_POINT('',(-7.825,11.05,0.39));
#3475=CARTESIAN_POINT('',(-7.825,11.05,0.39));
#3476=CARTESIAN_POINT('',(-7.185,11.05,0.39));
#3477=CARTESIAN_POINT('',(-7.185,11.05,0.39));
#3478=CARTESIAN_POINT('',(-7.185,11.05,-0.509999999999999));
#3479=CARTESIAN_POINT('',(-7.68137452367991,11.4377925966249,0.188026673924877));
#3480=CARTESIAN_POINT('',(-7.32862547632009,11.1622074033751,0.188026673924878));
#3481=CARTESIAN_POINT('',(-7.505,11.3,0.39));
#3482=CARTESIAN_POINT('',(-7.185,11.05,0.39));
#3483=CARTESIAN_POINT('',(-7.185,9.9,0.39));
#3484=CARTESIAN_POINT('',(7.825,11.05,0.390000000000001));
#3485=CARTESIAN_POINT('',(-7.825,9.9,0.39));
#3486=CARTESIAN_POINT('',(-7.825,9.9,0.390000000000001));
#3487=CARTESIAN_POINT('',(-7.185,9.9,0.39));
#3488=CARTESIAN_POINT('',(0.,0.,0.39));
#3489=CARTESIAN_POINT('',(7.185,11.05,0.39));
#3490=CARTESIAN_POINT('',(7.185,11.05,0.390000000000001));
#3491=CARTESIAN_POINT('',(7.505,11.3,-0.0599999999999994));
#3492=CARTESIAN_POINT('',(7.53774904735983,11.3255851932499,-0.0139466521502456));
#3493=CARTESIAN_POINT('',(7.185,11.05,0.39));
#3494=CARTESIAN_POINT('',(7.185,11.05,0.39));
#3495=CARTESIAN_POINT('',(7.825,11.05,0.39));
#3496=CARTESIAN_POINT('',(7.825,11.05,0.39));
#3497=CARTESIAN_POINT('',(7.32862547632009,11.4377925966249,0.188026673924877));
#3498=CARTESIAN_POINT('',(7.68137452367991,11.1622074033751,0.188026673924878));
#3499=CARTESIAN_POINT('',(7.505,11.3,0.39));
#3500=CARTESIAN_POINT('',(7.825,11.05,0.39));
#3501=CARTESIAN_POINT('',(7.825,9.9,0.39));
#3502=CARTESIAN_POINT('',(7.825,11.05,0.390000000000001));
#3503=CARTESIAN_POINT('',(7.185,9.9,0.39));
#3504=CARTESIAN_POINT('',(7.185,9.9,0.39));
#3505=CARTESIAN_POINT('',(7.825,9.9,0.39));
#3506=CARTESIAN_POINT('',(0.,0.,0.39));
#3507=CARTESIAN_POINT('',(0.,9.9,1.64));
#3508=CARTESIAN_POINT('',(4.82,9.9,1.64));
#3509=CARTESIAN_POINT('',(4.18,9.9,1.64));
#3510=CARTESIAN_POINT('',(4.82,9.9,0.));
#3511=CARTESIAN_POINT('',(4.82,9.9,2.28000000000001));
#3512=CARTESIAN_POINT('',(0.,9.9,2.28000000000001));
#3513=CARTESIAN_POINT('',(4.18,9.9,2.28000000000001));
#3514=CARTESIAN_POINT('',(4.18,9.9,0.));
#3515=CARTESIAN_POINT('',(0.,9.9,1.64));
#3516=CARTESIAN_POINT('',(1.82,9.9,1.64));
#3517=CARTESIAN_POINT('',(1.18,9.9,1.64));
#3518=CARTESIAN_POINT('',(1.82,9.9,0.));
#3519=CARTESIAN_POINT('',(1.82,9.9,2.28000000000001));
#3520=CARTESIAN_POINT('',(0.,9.9,2.28000000000001));
#3521=CARTESIAN_POINT('',(1.18,9.9,2.28000000000001));
#3522=CARTESIAN_POINT('',(1.18,9.9,0.));
#3523=CARTESIAN_POINT('',(0.,9.9,1.64));
#3524=CARTESIAN_POINT('',(-1.18,9.9,1.64));
#3525=CARTESIAN_POINT('',(-1.82,9.9,1.64));
#3526=CARTESIAN_POINT('',(-1.18,9.9,0.));
#3527=CARTESIAN_POINT('',(-1.18,9.9,2.28000000000001));
#3528=CARTESIAN_POINT('',(0.,9.9,2.28000000000001));
#3529=CARTESIAN_POINT('',(-1.82,9.9,2.28000000000001));
#3530=CARTESIAN_POINT('',(-1.82,9.9,0.));
#3531=CARTESIAN_POINT('',(0.,9.9,1.64));
#3532=CARTESIAN_POINT('',(-4.18,9.9,1.64));
#3533=CARTESIAN_POINT('',(-4.82,9.9,1.64));
#3534=CARTESIAN_POINT('',(-4.18,9.9,0.));
#3535=CARTESIAN_POINT('',(-4.18,9.9,2.28000000000001));
#3536=CARTESIAN_POINT('',(0.,9.9,2.28000000000001));
#3537=CARTESIAN_POINT('',(-4.82,9.9,2.28000000000001));
#3538=CARTESIAN_POINT('',(-4.82,9.9,0.));
#3539=CARTESIAN_POINT('',(7.825,9.9,4.44089209850063E-16));
#3540=CARTESIAN_POINT('',(7.825,9.9,3.86));
#3541=CARTESIAN_POINT('',(7.185,9.9,0.39));
#3542=CARTESIAN_POINT('',(7.185,9.9,4.87890977618477E-16));
#3543=CARTESIAN_POINT('',(-7.825,9.9,4.79143060166402E-16));
#3544=CARTESIAN_POINT('',(-7.185,9.9,2.16840434497101E-16));
#3545=CARTESIAN_POINT('',(-7.185,9.9,0.39));
#3546=CARTESIAN_POINT('',(-7.825,9.9,3.85999999999999));
#3547=CARTESIAN_POINT('',(-7.825,9.9,3.85999999999999));
#3548=CARTESIAN_POINT('',(7.825,9.9,3.86));
#3549=CARTESIAN_POINT('',(0.,9.9,0.));
#3550=CARTESIAN_POINT('',(3.85,8.06,1.20212011815084E-15));
#3551=CARTESIAN_POINT('',(2.85,8.06,4.79143060166402E-16));
#3552=CARTESIAN_POINT('',(3.85,8.06,4.79143060166402E-16));
#3553=CARTESIAN_POINT('',(2.85,8.06,1.33226762955019E-15));
#3554=CARTESIAN_POINT('',(2.85,1.6,1.33226762955019E-15));
#3555=CARTESIAN_POINT('',(3.85,1.6,1.20212011815084E-15));
#3556=CARTESIAN_POINT('',(3.85,1.6,4.79143060166402E-16));
#3557=CARTESIAN_POINT('',(3.85,8.06,1.19262238973405E-15));
#3558=CARTESIAN_POINT('',(-2.85,8.06,1.30170004316113E-15));
#3559=CARTESIAN_POINT('',(-3.85,8.06,4.79143060166402E-16));
#3560=CARTESIAN_POINT('',(-2.85,8.06,4.79143060166402E-16));
#3561=CARTESIAN_POINT('',(-3.85,8.06,1.22124532708767E-15));
#3562=CARTESIAN_POINT('',(-3.85,1.6,1.22124532708767E-15));
#3563=CARTESIAN_POINT('',(-2.85,1.6,1.30170004316113E-15));
#3564=CARTESIAN_POINT('',(-2.85,1.6,4.79143060166402E-16));
#3565=CARTESIAN_POINT('',(-2.85,8.06,1.30104260698261E-15));
#3566=CARTESIAN_POINT('',(6.89,9.6,0.));
#3567=CARTESIAN_POINT('',(6.89,8.05,0.));
#3568=CARTESIAN_POINT('',(6.89,9.6,0.));
#3569=CARTESIAN_POINT('',(6.89,9.9,4.79143060166402E-16));
#3570=CARTESIAN_POINT('',(6.89,0.554165420556309,0.));
#3571=CARTESIAN_POINT('',(7.825,1.6684550296319,0.));
#3572=CARTESIAN_POINT('',(6.425,0.,0.));
#3573=CARTESIAN_POINT('',(-7.825,0.,4.79143060166402E-16));
#3574=CARTESIAN_POINT('',(-6.425,0.,4.79143060166402E-16));
#3575=CARTESIAN_POINT('',(-6.425,0.,0.));
#3576=CARTESIAN_POINT('',(-6.89,0.554165420556309,0.));
#3577=CARTESIAN_POINT('',(-6.89,9.9,4.79143060166402E-16));
#3578=CARTESIAN_POINT('',(-6.89,8.05,0.));
#3579=CARTESIAN_POINT('',(-6.89,9.6,0.));
#3580=CARTESIAN_POINT('',(-6.89,9.6,4.79143060166402E-16));
#3581=CARTESIAN_POINT('',(-7.19,9.9,0.));
#3582=CARTESIAN_POINT('',(-7.19,9.9,4.79143060166402E-16));
#3583=CARTESIAN_POINT('',(-7.825,9.9,4.79143060166402E-16));
#3584=CARTESIAN_POINT('',(-7.825,9.9,4.79143060166402E-16));
#3585=CARTESIAN_POINT('',(7.19,9.9,0.));
#3586=CARTESIAN_POINT('',(7.19,9.9,0.));
#3587=CARTESIAN_POINT('',(-7.825,9.9,4.79143060166402E-16));
#3588=CARTESIAN_POINT('',(-7.825,1.6684550296319,38.214));
#3589=CARTESIAN_POINT('',(-7.825,1.6684550296319,3.86));
#3590=CARTESIAN_POINT('',(-7.825,1.66845502963189,3.22));
#3591=CARTESIAN_POINT('',(-7.825,1.66845502963189,3.22));
#3592=CARTESIAN_POINT('',(-6.425,0.,3.22));
#3593=CARTESIAN_POINT('',(-6.425,0.,38.214));
#3594=CARTESIAN_POINT('',(-6.425,0.,3.86));
#3595=CARTESIAN_POINT('',(-6.42499999999999,-7.50023169835198E-15,3.86));
#3596=CARTESIAN_POINT('',(-6.425,0.,38.214));
#3597=CARTESIAN_POINT('',(6.425,0.,38.214));
#3598=CARTESIAN_POINT('',(6.425,0.,3.86));
#3599=CARTESIAN_POINT('',(6.425,0.,3.22));
#3600=CARTESIAN_POINT('',(6.425,0.,3.22));
#3601=CARTESIAN_POINT('',(7.825,1.6684550296319,3.22));
#3602=CARTESIAN_POINT('',(7.825,1.6684550296319,38.214));
#3603=CARTESIAN_POINT('',(7.825,1.6684550296319,3.86));
#3604=CARTESIAN_POINT('',(7.82500000000001,1.6684550296319,3.86));
#3605=CARTESIAN_POINT('',(7.825,1.6684550296319,38.214));
#3606=CARTESIAN_POINT('',(7.825,1.6684550296319,38.214));
#3607=CARTESIAN_POINT('',(7.825,1.66845502963189,1.15));
#3608=CARTESIAN_POINT('',(7.825,1.6684550296319,0.509999999999997));
#3609=CARTESIAN_POINT('',(7.825,9.9,0.51));
#3610=CARTESIAN_POINT('',(7.825,8.05,0.51));
#3611=CARTESIAN_POINT('',(7.825,8.05,-0.51));
#3612=CARTESIAN_POINT('',(7.825,9.9,3.86));
#3613=CARTESIAN_POINT('',(7.825,1.66845502963189,3.22));
#3614=CARTESIAN_POINT('',(7.825,9.9,4.44089209850063E-16));
#3615=CARTESIAN_POINT('',(-5.77,0.,3.2));
#3616=CARTESIAN_POINT('',(-5.77,0.,3.2));
#3617=CARTESIAN_POINT('',(-5.77,0.,1.31));
#3618=CARTESIAN_POINT('',(-3.23,0.,3.2));
#3619=CARTESIAN_POINT('',(-3.23,0.,3.2));
#3620=CARTESIAN_POINT('',(-3.23,0.,0.659999999999994));
#3621=CARTESIAN_POINT('',(-3.23,0.,0.659999999999994));
#3622=CARTESIAN_POINT('',(-5.12,0.,0.659999999999999));
#3623=CARTESIAN_POINT('',(-5.12,0.,0.659999999999999));
#3624=CARTESIAN_POINT('',(-5.77,0.,1.31));
#3625=CARTESIAN_POINT('',(-2.77,0.,3.2));
#3626=CARTESIAN_POINT('',(-2.77,0.,3.2));
#3627=CARTESIAN_POINT('',(-2.77,0.,0.659999999999995));
#3628=CARTESIAN_POINT('',(-0.23,0.,3.2));
#3629=CARTESIAN_POINT('',(-0.23,0.,3.2));
#3630=CARTESIAN_POINT('',(-0.23,0.,0.659999999999996));
#3631=CARTESIAN_POINT('',(-0.23,0.,0.659999999999996));
#3632=CARTESIAN_POINT('',(-2.77,0.,0.659999999999995));
#3633=CARTESIAN_POINT('',(0.23,0.,3.2));
#3634=CARTESIAN_POINT('',(0.23,0.,3.2));
#3635=CARTESIAN_POINT('',(0.229999999999961,0.,0.659999999999999));
#3636=CARTESIAN_POINT('',(2.77,0.,3.2));
#3637=CARTESIAN_POINT('',(2.77,0.,3.2));
#3638=CARTESIAN_POINT('',(2.77,0.,1.31));
#3639=CARTESIAN_POINT('',(2.77,0.,1.31));
#3640=CARTESIAN_POINT('',(2.11999999999996,0.,0.66));
#3641=CARTESIAN_POINT('',(2.11999999999996,0.,0.66));
#3642=CARTESIAN_POINT('',(0.229999999999961,0.,0.659999999999999));
#3643=CARTESIAN_POINT('',(3.23,0.,3.2));
#3644=CARTESIAN_POINT('',(3.23,0.,3.2));
#3645=CARTESIAN_POINT('',(3.23,0.,0.66));
#3646=CARTESIAN_POINT('',(5.77,0.,3.2));
#3647=CARTESIAN_POINT('',(5.77,0.,3.2));
#3648=CARTESIAN_POINT('',(5.77,0.,1.31));
#3649=CARTESIAN_POINT('',(5.77,0.,1.31));
#3650=CARTESIAN_POINT('',(5.12,0.,0.66));
#3651=CARTESIAN_POINT('',(5.12,0.,0.66));
#3652=CARTESIAN_POINT('',(3.23,0.,0.66));
#3653=CARTESIAN_POINT('',(7.825,0.,3.86));
#3654=CARTESIAN_POINT('',(-6.425,2.16840434497101E-16,3.22));
#3655=CARTESIAN_POINT('',(-6.425,2.16840434497101E-16,1.15));
#3656=CARTESIAN_POINT('',(-6.425,0.,38.214));
#3657=CARTESIAN_POINT('',(6.425,0.,38.214));
#3658=CARTESIAN_POINT('',(6.425,0.,1.15));
#3659=CARTESIAN_POINT('',(6.425,0.,3.22));
#3660=CARTESIAN_POINT('',(0.,0.,0.));
#3661=CARTESIAN_POINT('',(-7.825,9.9,3.85999999999999));
#3662=CARTESIAN_POINT('',(1.3,0.54,3.85999999999998));
#3663=CARTESIAN_POINT('',(1.3,0.54,3.85999999999998));
#3664=CARTESIAN_POINT('',(-1.3,0.54,3.85999999999998));
#3665=CARTESIAN_POINT('',(-1.3,0.54,3.85999999999998));
#3666=CARTESIAN_POINT('',(-1.3,2.95,3.85999999999998));
#3667=CARTESIAN_POINT('',(1.3,2.95,3.85999999999998));
#3668=CARTESIAN_POINT('',(1.3,2.95,3.85999999999998));
#3669=CARTESIAN_POINT('',(1.3,0.54,3.85999999999998));
#3670=CARTESIAN_POINT('',(7.825,9.9,3.86));
#3671=CARTESIAN_POINT('',(-7.825,8.05,-0.51));
#3672=CARTESIAN_POINT('',(-7.825,8.05,0.51));
#3673=CARTESIAN_POINT('',(-7.825,8.05,-0.51));
#3674=CARTESIAN_POINT('',(-7.825,9.9,0.51));
#3675=CARTESIAN_POINT('',(-7.825,1.6684550296319,0.510000000000004));
#3676=CARTESIAN_POINT('',(-7.825,1.6684550296319,38.214));
#3677=CARTESIAN_POINT('',(-7.825,1.66845502963189,1.15));
#3678=CARTESIAN_POINT('',(-7.825,1.66845502963189,3.22));
#3679=CARTESIAN_POINT('',(-7.825,8.05,-0.51));
#3680=CARTESIAN_POINT('',(-7.825,9.9,3.85999999999999));
#3681=CARTESIAN_POINT('',(-1.3,2.2,5.05999999999998));
#3682=CARTESIAN_POINT('',(-1.3,2.2,5.05999999999998));
#3683=CARTESIAN_POINT('',(1.3,2.2,5.05999999999998));
#3684=CARTESIAN_POINT('',(1.3,2.2,5.05999999999998));
#3685=CARTESIAN_POINT('',(1.3,2.2,5.05999999999998));
#3686=CARTESIAN_POINT('',(1.3,2.2,5.05999999999998));
#3687=CARTESIAN_POINT('',(-1.3,2.95,3.85999999999999));
#3688=CARTESIAN_POINT('',(-1.3,2.95,5.05999999999998));
#3689=CARTESIAN_POINT('',(1.3,2.95,5.05999999999998));
#3690=CARTESIAN_POINT('',(1.3,2.95,5.05999999999998));
#3691=CARTESIAN_POINT('',(1.3,2.95,3.85999999999999));
#3692=CARTESIAN_POINT('',(1.3,2.95,3.85999999999999));
#3693=CARTESIAN_POINT('',(-1.3,2.95,5.05999999999998));
#3694=CARTESIAN_POINT('',(1.3,2.95,5.05999999999998));
#3695=CARTESIAN_POINT('',(1.3,2.95,5.05999999999998));
#3696=CARTESIAN_POINT('',(1.3,0.,0.));
#3697=CARTESIAN_POINT('',(-1.3,0.,0.));
#3698=CARTESIAN_POINT('',(-14.1453503038103,9.20075521065179,3.95746380207837));
#3699=CARTESIAN_POINT('',(-7.825,1.66845502963189,1.15));
#3700=CARTESIAN_POINT('',(-6.425,0.,38.214));
#3701=CARTESIAN_POINT('',(15.3920905564146,10.6865623857248,4.63750393986253));
#3702=CARTESIAN_POINT('',(6.425,0.,1.15));
#3703=CARTESIAN_POINT('',(7.825,1.6684550296319,38.214));
#3704=CARTESIAN_POINT('',(6.425,1.66845502963189,1.15));
#3705=CARTESIAN_POINT('',(6.425,1.66845502963189,1.15));
#3706=CARTESIAN_POINT('',(6.425,1.66845502963189,3.22));
#3707=CARTESIAN_POINT('',(6.425,1.66845502963189,3.22));
#3708=CARTESIAN_POINT('',(6.425,1.66845502963189,3.22));
#3709=CARTESIAN_POINT('',(6.425,1.66845502963189,3.22));
#3710=CARTESIAN_POINT('',(7.825,1.66845502963189,1.15));
#3711=CARTESIAN_POINT('',(7.825,1.66845502963189,3.22));
#3712=CARTESIAN_POINT('',(7.825,1.66845502963189,3.22));
#3713=CARTESIAN_POINT('',(0.,0.,3.22));
#3714=CARTESIAN_POINT('',(0.,0.,1.15));
#3715=CARTESIAN_POINT('',(-6.425,0.,1.15));
#3716=CARTESIAN_POINT('',(-6.425,1.66845502963189,1.15));
#3717=CARTESIAN_POINT('',(-6.425,0.,3.22));
#3718=CARTESIAN_POINT('',(-6.425,1.66845502963189,3.22));
#3719=CARTESIAN_POINT('',(-6.425,1.66845502963189,3.22));
#3720=CARTESIAN_POINT('',(-6.425,0.,3.22));
#3721=CARTESIAN_POINT('',(-6.425,1.66845502963189,1.15));
#3722=CARTESIAN_POINT('',(-6.425,1.66845502963189,3.22));
#3723=CARTESIAN_POINT('',(-6.425,1.66845502963189,3.22));
#3724=CARTESIAN_POINT('',(0.,0.,3.22));
#3725=CARTESIAN_POINT('',(0.,0.,1.15));
#3726=CARTESIAN_POINT('',(6.89,9.6,-0.51));
#3727=CARTESIAN_POINT('',(6.89,8.05,-0.51));
#3728=CARTESIAN_POINT('',(6.89,9.6,-0.51));
#3729=CARTESIAN_POINT('',(6.89,8.05,4.79143060166402E-16));
#3730=CARTESIAN_POINT('',(6.89,8.05,-0.51));
#3731=CARTESIAN_POINT('',(7.19,9.9,-0.51));
#3732=CARTESIAN_POINT('',(7.19,9.9,-0.51));
#3733=CARTESIAN_POINT('',(-6.89,9.6,-0.51));
#3734=CARTESIAN_POINT('',(-6.89,9.6,-0.51));
#3735=CARTESIAN_POINT('',(-7.19,9.9,-0.51));
#3736=CARTESIAN_POINT('',(-7.19,9.9,-0.51));
#3737=CARTESIAN_POINT('',(-7.19,9.9,-0.51));
#3738=CARTESIAN_POINT('',(-7.19,9.9,-0.51));
#3739=CARTESIAN_POINT('',(-6.89,8.05,-0.51));
#3740=CARTESIAN_POINT('',(-6.89,8.05,-0.51));
#3741=CARTESIAN_POINT('',(-6.89,9.6,-0.51));
#3742=CARTESIAN_POINT('',(-6.89,9.6,-0.51));
#3743=CARTESIAN_POINT('',(-6.6756050955414,8.05,-0.116942675159234));
#3744=CARTESIAN_POINT('',(-6.89,8.05,-0.51));
#3745=CARTESIAN_POINT('',(-6.89,8.05,-0.51));
#3746=CARTESIAN_POINT('',(7.825,11.05,-0.509999999999999));
#3747=CARTESIAN_POINT('',(-7.185,11.05,-0.51));
#3748=CARTESIAN_POINT('',(-7.185,9.9,-0.51));
#3749=CARTESIAN_POINT('',(-7.185,9.9,-0.51));
#3750=CARTESIAN_POINT('',(0.,0.,-0.51));
#3751=CARTESIAN_POINT('',(6.89,9.9,4.79143060166402E-16));
#3752=CARTESIAN_POINT('',(-7.825,9.9,0.51));
#3753=CARTESIAN_POINT('',(3.23,6.6,0.66));
#3754=CARTESIAN_POINT('',(3.23,6.6,0.66));
#3755=CARTESIAN_POINT('',(3.23,6.6,3.2));
#3756=CARTESIAN_POINT('',(3.23,6.6,3.2));
#3757=CARTESIAN_POINT('',(3.23,6.6,3.2));
#3758=CARTESIAN_POINT('',(3.23,6.6,3.2));
#3759=CARTESIAN_POINT('',(5.12,6.6,0.66));
#3760=CARTESIAN_POINT('',(5.12,6.6,0.66));
#3761=CARTESIAN_POINT('',(3.23,6.6,0.66));
#3762=CARTESIAN_POINT('',(3.23,6.6,0.66));
#3763=CARTESIAN_POINT('',(5.77,6.6,1.31));
#3764=CARTESIAN_POINT('',(5.77,6.6,1.31));
#3765=CARTESIAN_POINT('',(5.12,6.6,0.66));
#3766=CARTESIAN_POINT('',(5.12,6.6,0.66));
#3767=CARTESIAN_POINT('',(5.77,6.6,3.2));
#3768=CARTESIAN_POINT('',(5.77,6.6,3.2));
#3769=CARTESIAN_POINT('',(5.77,6.6,1.31));
#3770=CARTESIAN_POINT('',(5.77,6.6,1.31));
#3771=CARTESIAN_POINT('',(5.77,6.6,3.2));
#3772=CARTESIAN_POINT('',(5.77,6.6,3.2));
#3773=CARTESIAN_POINT('',(4.82,6.6,0.));
#3774=CARTESIAN_POINT('',(4.82,6.6,1.64));
#3775=CARTESIAN_POINT('',(4.82,6.6,2.28000000000001));
#3776=CARTESIAN_POINT('',(0.,6.6,1.64));
#3777=CARTESIAN_POINT('',(4.18,6.6,1.64));
#3778=CARTESIAN_POINT('',(4.18,6.6,0.));
#3779=CARTESIAN_POINT('',(4.18,6.6,2.28000000000001));
#3780=CARTESIAN_POINT('',(0.,6.6,2.28000000000001));
#3781=CARTESIAN_POINT('',(0.,6.6,0.));
#3782=CARTESIAN_POINT('',(0.229999999999961,6.6,0.659999999999999));
#3783=CARTESIAN_POINT('',(0.229999999999961,6.6,0.659999999999999));
#3784=CARTESIAN_POINT('',(0.23,6.6,3.2));
#3785=CARTESIAN_POINT('',(0.23,6.6,3.2));
#3786=CARTESIAN_POINT('',(0.23,6.6,3.2));
#3787=CARTESIAN_POINT('',(0.23,6.6,3.2));
#3788=CARTESIAN_POINT('',(2.11999999999996,6.6,0.66));
#3789=CARTESIAN_POINT('',(2.11999999999996,6.6,0.66));
#3790=CARTESIAN_POINT('',(0.229999999999961,6.6,0.659999999999999));
#3791=CARTESIAN_POINT('',(0.229999999999961,6.6,0.659999999999999));
#3792=CARTESIAN_POINT('',(2.77,6.6,1.31));
#3793=CARTESIAN_POINT('',(2.77,6.6,1.31));
#3794=CARTESIAN_POINT('',(2.11999999999996,6.6,0.66));
#3795=CARTESIAN_POINT('',(2.11999999999996,6.6,0.66));
#3796=CARTESIAN_POINT('',(2.77,6.6,3.2));
#3797=CARTESIAN_POINT('',(2.77,6.6,3.2));
#3798=CARTESIAN_POINT('',(2.77,6.6,1.31));
#3799=CARTESIAN_POINT('',(2.77,6.6,1.31));
#3800=CARTESIAN_POINT('',(2.77,6.6,3.2));
#3801=CARTESIAN_POINT('',(2.77,6.6,3.2));
#3802=CARTESIAN_POINT('',(1.82,6.6,0.));
#3803=CARTESIAN_POINT('',(1.82,6.6,1.64));
#3804=CARTESIAN_POINT('',(1.82,6.6,2.28000000000001));
#3805=CARTESIAN_POINT('',(0.,6.6,1.64));
#3806=CARTESIAN_POINT('',(1.18,6.6,1.64));
#3807=CARTESIAN_POINT('',(1.18,6.6,0.));
#3808=CARTESIAN_POINT('',(1.18,6.6,2.28000000000001));
#3809=CARTESIAN_POINT('',(0.,6.6,2.28000000000001));
#3810=CARTESIAN_POINT('',(0.,6.6,0.));
#3811=CARTESIAN_POINT('',(-2.77,6.6,0.659999999999995));
#3812=CARTESIAN_POINT('',(-2.77,6.6,0.659999999999995));
#3813=CARTESIAN_POINT('',(-2.77,6.6,3.2));
#3814=CARTESIAN_POINT('',(-2.77,6.6,3.2));
#3815=CARTESIAN_POINT('',(-2.77,6.6,3.2));
#3816=CARTESIAN_POINT('',(-2.77,6.6,3.2));
#3817=CARTESIAN_POINT('',(-0.23,6.6,0.659999999999996));
#3818=CARTESIAN_POINT('',(-0.23,6.6,0.659999999999996));
#3819=CARTESIAN_POINT('',(-2.77,6.6,0.659999999999995));
#3820=CARTESIAN_POINT('',(-2.77,6.6,0.659999999999995));
#3821=CARTESIAN_POINT('',(-0.23,6.6,3.2));
#3822=CARTESIAN_POINT('',(-0.23,6.6,3.2));
#3823=CARTESIAN_POINT('',(-0.23,6.6,0.659999999999996));
#3824=CARTESIAN_POINT('',(-0.23,6.6,0.659999999999996));
#3825=CARTESIAN_POINT('',(-0.23,6.6,3.2));
#3826=CARTESIAN_POINT('',(-0.23,6.6,3.2));
#3827=CARTESIAN_POINT('',(-1.18,6.6,0.));
#3828=CARTESIAN_POINT('',(-1.18,6.6,1.64));
#3829=CARTESIAN_POINT('',(-1.18,6.6,2.28000000000001));
#3830=CARTESIAN_POINT('',(0.,6.6,1.64));
#3831=CARTESIAN_POINT('',(-1.82,6.6,1.64));
#3832=CARTESIAN_POINT('',(-1.82,6.6,0.));
#3833=CARTESIAN_POINT('',(-1.82,6.6,2.28000000000001));
#3834=CARTESIAN_POINT('',(0.,6.6,2.28000000000001));
#3835=CARTESIAN_POINT('',(0.,6.6,0.));
#3836=CARTESIAN_POINT('',(-5.77,6.6,1.31));
#3837=CARTESIAN_POINT('',(-5.77,6.6,1.31));
#3838=CARTESIAN_POINT('',(-5.77,6.6,3.2));
#3839=CARTESIAN_POINT('',(-5.77,6.6,3.2));
#3840=CARTESIAN_POINT('',(-5.77,6.6,3.2));
#3841=CARTESIAN_POINT('',(-5.77,6.6,3.2));
#3842=CARTESIAN_POINT('',(-5.12,6.6,0.659999999999999));
#3843=CARTESIAN_POINT('',(-5.12,6.6,0.659999999999999));
#3844=CARTESIAN_POINT('',(-5.77,6.6,1.31));
#3845=CARTESIAN_POINT('',(-5.77,6.6,1.31));
#3846=CARTESIAN_POINT('',(-3.23,6.6,0.659999999999994));
#3847=CARTESIAN_POINT('',(-3.23,6.6,0.659999999999994));
#3848=CARTESIAN_POINT('',(-5.12,6.6,0.659999999999999));
#3849=CARTESIAN_POINT('',(-5.12,6.6,0.659999999999999));
#3850=CARTESIAN_POINT('',(-3.23,6.6,3.2));
#3851=CARTESIAN_POINT('',(-3.23,6.6,3.2));
#3852=CARTESIAN_POINT('',(-3.23,6.6,0.659999999999994));
#3853=CARTESIAN_POINT('',(-3.23,6.6,0.659999999999994));
#3854=CARTESIAN_POINT('',(-3.23,6.6,3.2));
#3855=CARTESIAN_POINT('',(-3.23,6.6,3.2));
#3856=CARTESIAN_POINT('',(-4.18,6.6,0.));
#3857=CARTESIAN_POINT('',(-4.18,6.6,1.64));
#3858=CARTESIAN_POINT('',(-4.18,6.6,2.28000000000001));
#3859=CARTESIAN_POINT('',(0.,6.6,1.64));
#3860=CARTESIAN_POINT('',(-4.82,6.6,1.64));
#3861=CARTESIAN_POINT('',(-4.82,6.6,0.));
#3862=CARTESIAN_POINT('',(-4.82,6.6,2.28000000000001));
#3863=CARTESIAN_POINT('',(0.,6.6,2.28000000000001));
#3864=CARTESIAN_POINT('',(0.,6.6,0.));
#3865=CARTESIAN_POINT('',(-3.85,1.6,1.22124532708767E-15));
#3866=CARTESIAN_POINT('',(-3.85,1.6,-0.509999999999999));
#3867=CARTESIAN_POINT('',(-3.85,8.06,1.22124532708767E-15));
#3868=CARTESIAN_POINT('',(-3.85,8.06,-0.509999999999999));
#3869=CARTESIAN_POINT('',(-3.85,8.06,-0.509999999999999));
#3870=CARTESIAN_POINT('',(-3.85,8.06,1.22124532708767E-15));
#3871=CARTESIAN_POINT('',(-3.85,1.6,-0.509999999999999));
#3872=CARTESIAN_POINT('',(-2.85,1.6,-0.509999999999999));
#3873=CARTESIAN_POINT('',(-3.85,8.06,-0.509999999999999));
#3874=CARTESIAN_POINT('',(-2.85,8.06,-0.509999999999999));
#3875=CARTESIAN_POINT('',(-2.85,8.06,-0.509999999999999));
#3876=CARTESIAN_POINT('',(-3.85,8.06,-0.509999999999999));
#3877=CARTESIAN_POINT('',(-2.85,1.6,-0.509999999999999));
#3878=CARTESIAN_POINT('',(-2.85,8.06,-0.509999999999999));
#3879=CARTESIAN_POINT('',(-2.85,8.06,-0.509999999999999));
#3880=CARTESIAN_POINT('',(0.,8.06,0.));
#3881=CARTESIAN_POINT('',(0.,1.6,0.));
#3882=CARTESIAN_POINT('',(2.85,1.6,1.33226762955019E-15));
#3883=CARTESIAN_POINT('',(2.85,1.6,-0.509999999999999));
#3884=CARTESIAN_POINT('',(2.85,8.06,1.33226762955019E-15));
#3885=CARTESIAN_POINT('',(2.85,8.06,-0.509999999999999));
#3886=CARTESIAN_POINT('',(2.85,8.06,-0.509999999999999));
#3887=CARTESIAN_POINT('',(2.85,8.06,1.33226762955019E-15));
#3888=CARTESIAN_POINT('',(2.85,1.6,-0.509999999999999));
#3889=CARTESIAN_POINT('',(3.85,1.6,-0.509999999999999));
#3890=CARTESIAN_POINT('',(2.85,8.06,-0.509999999999999));
#3891=CARTESIAN_POINT('',(3.85,8.06,-0.509999999999999));
#3892=CARTESIAN_POINT('',(3.85,8.06,-0.509999999999999));
#3893=CARTESIAN_POINT('',(2.85,8.06,-0.509999999999999));
#3894=CARTESIAN_POINT('',(3.85,1.6,-0.509999999999999));
#3895=CARTESIAN_POINT('',(3.85,8.06,-0.509999999999999));
#3896=CARTESIAN_POINT('',(3.85,8.06,-0.509999999999999));
#3897=CARTESIAN_POINT('',(0.,8.06,0.));
#3898=CARTESIAN_POINT('',(0.,1.6,0.));
#3899=CARTESIAN_POINT('',(4.6,2.49,2.28));
#3900=CARTESIAN_POINT('',(4.6,2.49,1.86));
#3901=CARTESIAN_POINT('',(4.6,2.49,2.06));
#3902=CARTESIAN_POINT('',(4.82,2.49,2.06));
#3903=CARTESIAN_POINT('',(4.4,2.49,2.06));
#3904=CARTESIAN_POINT('',(4.4,2.49,2.28));
#3905=CARTESIAN_POINT('',(4.4,2.49,1.86));
#3906=CARTESIAN_POINT('',(4.82,2.49,1.86));
#3907=CARTESIAN_POINT('',(4.82,2.49,2.28));
#3908=CARTESIAN_POINT('',(4.82,13.18,2.28000000000001));
#3909=CARTESIAN_POINT('',(4.82,3.33,2.28));
#3910=CARTESIAN_POINT('',(4.82,3.33,1.64));
#3911=CARTESIAN_POINT('',(4.82,3.33,1.64));
#3912=CARTESIAN_POINT('',(4.82,2.49,1.64));
#3913=CARTESIAN_POINT('',(4.82,0.,0.));
#3914=CARTESIAN_POINT('',(4.18,2.49,1.64));
#3915=CARTESIAN_POINT('',(4.18,3.33,1.64));
#3916=CARTESIAN_POINT('',(4.18,3.33,0.));
#3917=CARTESIAN_POINT('',(4.18,3.33,2.28));
#3918=CARTESIAN_POINT('',(4.18,13.18,2.28000000000001));
#3919=CARTESIAN_POINT('',(4.18,0.,0.));
#3920=CARTESIAN_POINT('',(4.82,3.33,2.28));
#3921=CARTESIAN_POINT('',(4.82,13.18,2.28000000000001));
#3922=CARTESIAN_POINT('',(4.82,3.33,1.64));
#3923=CARTESIAN_POINT('',(4.82,2.49,1.64));
#3924=CARTESIAN_POINT('',(4.18,2.49,1.64));
#3925=CARTESIAN_POINT('',(4.18,12.34,1.64));
#3926=CARTESIAN_POINT('',(4.82,12.34,1.64));
#3927=CARTESIAN_POINT('',(4.82,12.34,1.64));
#3928=CARTESIAN_POINT('',(4.82,2.49,1.64));
#3929=CARTESIAN_POINT('',(4.82,2.49,1.64));
#3930=CARTESIAN_POINT('',(4.82,13.18,2.28000000000001));
#3931=CARTESIAN_POINT('',(4.82,12.34,2.28000000000001));
#3932=CARTESIAN_POINT('',(4.82,12.34,2.28000000000001));
#3933=CARTESIAN_POINT('',(4.18,12.34,2.28000000000001));
#3934=CARTESIAN_POINT('',(4.18,13.18,2.28000000000001));
#3935=CARTESIAN_POINT('',(4.82,13.18,2.28000000000001));
#3936=CARTESIAN_POINT('',(4.82,12.34,2.28000000000001));
#3937=CARTESIAN_POINT('',(4.82,0.,0.));
#3938=CARTESIAN_POINT('',(4.18,12.34,0.));
#3939=CARTESIAN_POINT('',(4.18,0.,0.));
#3940=CARTESIAN_POINT('',(4.4,13.18,1.64));
#3941=CARTESIAN_POINT('',(4.4,13.18,1.86));
#3942=CARTESIAN_POINT('',(4.4,13.18,2.06000000000001));
#3943=CARTESIAN_POINT('',(4.82,13.18,2.06000000000001));
#3944=CARTESIAN_POINT('',(4.6,13.18,2.06000000000001));
#3945=CARTESIAN_POINT('',(4.6,13.18,1.64));
#3946=CARTESIAN_POINT('',(4.6,13.18,1.86));
#3947=CARTESIAN_POINT('',(4.82,13.18,1.86));
#3948=CARTESIAN_POINT('',(4.82,13.18,1.64));
#3949=CARTESIAN_POINT('',(4.42533399800598,13.2767298105683,1.88533399800599));
#3950=CARTESIAN_POINT('',(4.91892323030907,11.9622931206381,1.54107676969093));
#3951=CARTESIAN_POINT('',(4.82,13.18,1.86));
#3952=CARTESIAN_POINT('',(4.68247258225324,12.8651046859422,2.14247258225325));
#3953=CARTESIAN_POINT('',(4.82,12.34,0.));
#3954=CARTESIAN_POINT('',(4.42533399800598,13.2767298105683,2.03466600199403));
#3955=CARTESIAN_POINT('',(4.4,13.18,1.64));
#3956=CARTESIAN_POINT('',(4.82,12.34,2.28000000000001));
#3957=CARTESIAN_POINT('',(4.42533399800598,2.3932701894317,1.88533399800599));
#3958=CARTESIAN_POINT('',(4.82,3.33,1.64));
#3959=CARTESIAN_POINT('',(4.82,3.33,1.64));
#3960=CARTESIAN_POINT('',(4.68247258225324,2.80489531405782,2.14247258225324));
#3961=CARTESIAN_POINT('',(4.82,3.33,0.));
#3962=CARTESIAN_POINT('',(4.3867298105683,2.54066799601196,2.07327018943171));
#3963=CARTESIAN_POINT('',(4.4,2.49,2.28));
#3964=CARTESIAN_POINT('',(4.82,2.49,2.06));
#3965=CARTESIAN_POINT('',(1.6,2.49,2.28));
#3966=CARTESIAN_POINT('',(1.6,2.49,1.86));
#3967=CARTESIAN_POINT('',(1.6,2.49,2.06));
#3968=CARTESIAN_POINT('',(1.82,2.49,2.06));
#3969=CARTESIAN_POINT('',(1.4,2.49,2.06));
#3970=CARTESIAN_POINT('',(1.4,2.49,2.28));
#3971=CARTESIAN_POINT('',(1.4,2.49,1.86));
#3972=CARTESIAN_POINT('',(1.82,2.49,1.86));
#3973=CARTESIAN_POINT('',(1.82,2.49,2.28));
#3974=CARTESIAN_POINT('',(1.82,13.18,2.28000000000001));
#3975=CARTESIAN_POINT('',(1.82,3.33,2.28));
#3976=CARTESIAN_POINT('',(1.82,3.33,1.64));
#3977=CARTESIAN_POINT('',(1.82,3.33,1.64));
#3978=CARTESIAN_POINT('',(1.82,2.49,1.64));
#3979=CARTESIAN_POINT('',(1.82,0.,0.));
#3980=CARTESIAN_POINT('',(1.18,2.49,1.64));
#3981=CARTESIAN_POINT('',(1.18,3.33,1.64));
#3982=CARTESIAN_POINT('',(1.18,3.33,0.));
#3983=CARTESIAN_POINT('',(1.18,3.33,2.28));
#3984=CARTESIAN_POINT('',(1.18,13.18,2.28000000000001));
#3985=CARTESIAN_POINT('',(1.18,0.,0.));
#3986=CARTESIAN_POINT('',(1.82,3.33,2.28));
#3987=CARTESIAN_POINT('',(1.82,13.18,2.28000000000001));
#3988=CARTESIAN_POINT('',(1.82,3.33,1.64));
#3989=CARTESIAN_POINT('',(1.82,2.49,1.64));
#3990=CARTESIAN_POINT('',(1.18,2.49,1.64));
#3991=CARTESIAN_POINT('',(1.18,12.34,1.64));
#3992=CARTESIAN_POINT('',(1.82,12.34,1.64));
#3993=CARTESIAN_POINT('',(1.82,12.34,1.64));
#3994=CARTESIAN_POINT('',(1.82,2.49,1.64));
#3995=CARTESIAN_POINT('',(1.82,2.49,1.64));
#3996=CARTESIAN_POINT('',(1.82,13.18,2.28000000000001));
#3997=CARTESIAN_POINT('',(1.82,12.34,2.28000000000001));
#3998=CARTESIAN_POINT('',(1.82,12.34,2.28000000000001));
#3999=CARTESIAN_POINT('',(1.18,12.34,2.28000000000001));
#4000=CARTESIAN_POINT('',(1.18,13.18,2.28000000000001));
#4001=CARTESIAN_POINT('',(1.82,13.18,2.28000000000001));
#4002=CARTESIAN_POINT('',(1.82,12.34,2.28000000000001));
#4003=CARTESIAN_POINT('',(1.82,0.,0.));
#4004=CARTESIAN_POINT('',(1.18,12.34,0.));
#4005=CARTESIAN_POINT('',(1.18,0.,0.));
#4006=CARTESIAN_POINT('',(1.4,13.18,1.64));
#4007=CARTESIAN_POINT('',(1.4,13.18,1.86));
#4008=CARTESIAN_POINT('',(1.4,13.18,2.06000000000001));
#4009=CARTESIAN_POINT('',(1.82,13.18,2.06000000000001));
#4010=CARTESIAN_POINT('',(1.6,13.18,2.06000000000001));
#4011=CARTESIAN_POINT('',(1.6,13.18,1.64));
#4012=CARTESIAN_POINT('',(1.6,13.18,1.86));
#4013=CARTESIAN_POINT('',(1.82,13.18,1.86));
#4014=CARTESIAN_POINT('',(1.82,13.18,1.64));
#4015=CARTESIAN_POINT('',(1.42533399800598,13.2767298105683,1.88533399800599));
#4016=CARTESIAN_POINT('',(1.91892323030907,11.9622931206381,1.54107676969093));
#4017=CARTESIAN_POINT('',(1.82,13.18,1.86));
#4018=CARTESIAN_POINT('',(1.68247258225324,12.8651046859422,2.14247258225325));
#4019=CARTESIAN_POINT('',(1.82,12.34,0.));
#4020=CARTESIAN_POINT('',(1.42533399800598,13.2767298105683,2.03466600199403));
#4021=CARTESIAN_POINT('',(1.4,13.18,1.64));
#4022=CARTESIAN_POINT('',(1.82,12.34,2.28000000000001));
#4023=CARTESIAN_POINT('',(1.42533399800598,2.3932701894317,1.88533399800599));
#4024=CARTESIAN_POINT('',(1.82,3.33,1.64));
#4025=CARTESIAN_POINT('',(1.82,3.33,1.64));
#4026=CARTESIAN_POINT('',(1.68247258225324,2.80489531405782,2.14247258225324));
#4027=CARTESIAN_POINT('',(1.82,3.33,0.));
#4028=CARTESIAN_POINT('',(1.3867298105683,2.54066799601196,2.07327018943171));
#4029=CARTESIAN_POINT('',(1.4,2.49,2.28));
#4030=CARTESIAN_POINT('',(1.82,2.49,2.06));
#4031=CARTESIAN_POINT('',(-1.4,2.49,2.28));
#4032=CARTESIAN_POINT('',(-1.4,2.49,1.86));
#4033=CARTESIAN_POINT('',(-1.4,2.49,2.06));
#4034=CARTESIAN_POINT('',(-1.18,2.49,2.06));
#4035=CARTESIAN_POINT('',(-1.6,2.49,2.06));
#4036=CARTESIAN_POINT('',(-1.6,2.49,2.28));
#4037=CARTESIAN_POINT('',(-1.6,2.49,1.86));
#4038=CARTESIAN_POINT('',(-1.18,2.49,1.86));
#4039=CARTESIAN_POINT('',(-1.18,2.49,2.28));
#4040=CARTESIAN_POINT('',(-1.18,13.18,2.28000000000001));
#4041=CARTESIAN_POINT('',(-1.18,3.33,2.28));
#4042=CARTESIAN_POINT('',(-1.18,3.33,1.64));
#4043=CARTESIAN_POINT('',(-1.18,3.33,1.64));
#4044=CARTESIAN_POINT('',(-1.18,2.49,1.64));
#4045=CARTESIAN_POINT('',(-1.18,0.,0.));
#4046=CARTESIAN_POINT('',(-1.82,2.49,1.64));
#4047=CARTESIAN_POINT('',(-1.82,3.33,1.64));
#4048=CARTESIAN_POINT('',(-1.82,3.33,0.));
#4049=CARTESIAN_POINT('',(-1.82,3.33,2.28));
#4050=CARTESIAN_POINT('',(-1.82,13.18,2.28000000000001));
#4051=CARTESIAN_POINT('',(-1.82,0.,0.));
#4052=CARTESIAN_POINT('',(-1.18,3.33,2.28));
#4053=CARTESIAN_POINT('',(-1.18,13.18,2.28000000000001));
#4054=CARTESIAN_POINT('',(-1.18,3.33,1.64));
#4055=CARTESIAN_POINT('',(-1.18,2.49,1.64));
#4056=CARTESIAN_POINT('',(-1.82,2.49,1.64));
#4057=CARTESIAN_POINT('',(-1.82,12.34,1.64));
#4058=CARTESIAN_POINT('',(-1.18,12.34,1.64));
#4059=CARTESIAN_POINT('',(-1.18,12.34,1.64));
#4060=CARTESIAN_POINT('',(-1.18,2.49,1.64));
#4061=CARTESIAN_POINT('',(-1.18,2.49,1.64));
#4062=CARTESIAN_POINT('',(-1.18,13.18,2.28000000000001));
#4063=CARTESIAN_POINT('',(-1.18,12.34,2.28000000000001));
#4064=CARTESIAN_POINT('',(-1.18,12.34,2.28000000000001));
#4065=CARTESIAN_POINT('',(-1.82,12.34,2.28000000000001));
#4066=CARTESIAN_POINT('',(-1.82,13.18,2.28000000000001));
#4067=CARTESIAN_POINT('',(-1.18,13.18,2.28000000000001));
#4068=CARTESIAN_POINT('',(-1.18,12.34,2.28000000000001));
#4069=CARTESIAN_POINT('',(-1.18,0.,0.));
#4070=CARTESIAN_POINT('',(-1.82,12.34,0.));
#4071=CARTESIAN_POINT('',(-1.82,0.,0.));
#4072=CARTESIAN_POINT('',(-1.6,13.18,1.64));
#4073=CARTESIAN_POINT('',(-1.6,13.18,1.86));
#4074=CARTESIAN_POINT('',(-1.6,13.18,2.06000000000001));
#4075=CARTESIAN_POINT('',(-1.18,13.18,2.06000000000001));
#4076=CARTESIAN_POINT('',(-1.4,13.18,2.06000000000001));
#4077=CARTESIAN_POINT('',(-1.4,13.18,1.64));
#4078=CARTESIAN_POINT('',(-1.4,13.18,1.86));
#4079=CARTESIAN_POINT('',(-1.18,13.18,1.86));
#4080=CARTESIAN_POINT('',(-1.18,13.18,1.64));
#4081=CARTESIAN_POINT('',(-1.57466600199402,13.2767298105683,1.88533399800599));
#4082=CARTESIAN_POINT('',(-1.08107676969093,11.9622931206381,1.54107676969093));
#4083=CARTESIAN_POINT('',(-1.18,13.18,1.86));
#4084=CARTESIAN_POINT('',(-1.31752741774676,12.8651046859422,2.14247258225325));
#4085=CARTESIAN_POINT('',(-1.18,12.34,0.));
#4086=CARTESIAN_POINT('',(-1.57466600199402,13.2767298105683,2.03466600199403));
#4087=CARTESIAN_POINT('',(-1.6,13.18,1.64));
#4088=CARTESIAN_POINT('',(-1.18,12.34,2.28000000000001));
#4089=CARTESIAN_POINT('',(-1.57466600199402,2.3932701894317,1.88533399800599));
#4090=CARTESIAN_POINT('',(-1.18,3.33,1.64));
#4091=CARTESIAN_POINT('',(-1.18,3.33,1.64));
#4092=CARTESIAN_POINT('',(-1.31752741774676,2.80489531405782,2.14247258225324));
#4093=CARTESIAN_POINT('',(-1.18,3.33,0.));
#4094=CARTESIAN_POINT('',(-1.6132701894317,2.54066799601196,2.07327018943171));
#4095=CARTESIAN_POINT('',(-1.6,2.49,2.28));
#4096=CARTESIAN_POINT('',(-1.18,2.49,2.06));
#4097=CARTESIAN_POINT('',(-4.4,2.49,2.28));
#4098=CARTESIAN_POINT('',(-4.4,2.49,1.86));
#4099=CARTESIAN_POINT('',(-4.4,2.49,2.06));
#4100=CARTESIAN_POINT('',(-4.18,2.49,2.06));
#4101=CARTESIAN_POINT('',(-4.6,2.49,2.06));
#4102=CARTESIAN_POINT('',(-4.6,2.49,2.28));
#4103=CARTESIAN_POINT('',(-4.6,2.49,1.86));
#4104=CARTESIAN_POINT('',(-4.18,2.49,1.86));
#4105=CARTESIAN_POINT('',(-4.18,2.49,2.28));
#4106=CARTESIAN_POINT('',(-4.18,13.18,2.28000000000001));
#4107=CARTESIAN_POINT('',(-4.18,3.33,2.28));
#4108=CARTESIAN_POINT('',(-4.18,3.33,1.64));
#4109=CARTESIAN_POINT('',(-4.18,3.33,1.64));
#4110=CARTESIAN_POINT('',(-4.18,2.49,1.64));
#4111=CARTESIAN_POINT('',(-4.18,0.,0.));
#4112=CARTESIAN_POINT('',(-4.82,2.49,1.64));
#4113=CARTESIAN_POINT('',(-4.82,3.33,1.64));
#4114=CARTESIAN_POINT('',(-4.82,3.33,0.));
#4115=CARTESIAN_POINT('',(-4.82,3.33,2.28));
#4116=CARTESIAN_POINT('',(-4.82,13.18,2.28000000000001));
#4117=CARTESIAN_POINT('',(-4.82,0.,0.));
#4118=CARTESIAN_POINT('',(-4.18,3.33,2.28));
#4119=CARTESIAN_POINT('',(-4.18,13.18,2.28000000000001));
#4120=CARTESIAN_POINT('',(-4.18,3.33,1.64));
#4121=CARTESIAN_POINT('',(-4.18,2.49,1.64));
#4122=CARTESIAN_POINT('',(-4.82,2.49,1.64));
#4123=CARTESIAN_POINT('',(-4.82,12.34,1.64));
#4124=CARTESIAN_POINT('',(-4.18,12.34,1.64));
#4125=CARTESIAN_POINT('',(-4.18,12.34,1.64));
#4126=CARTESIAN_POINT('',(-4.18,2.49,1.64));
#4127=CARTESIAN_POINT('',(-4.18,2.49,1.64));
#4128=CARTESIAN_POINT('',(-4.18,13.18,2.28000000000001));
#4129=CARTESIAN_POINT('',(-4.18,12.34,2.28000000000001));
#4130=CARTESIAN_POINT('',(-4.18,12.34,2.28000000000001));
#4131=CARTESIAN_POINT('',(-4.82,12.34,2.28000000000001));
#4132=CARTESIAN_POINT('',(-4.82,13.18,2.28000000000001));
#4133=CARTESIAN_POINT('',(-4.18,13.18,2.28000000000001));
#4134=CARTESIAN_POINT('',(-4.18,12.34,2.28000000000001));
#4135=CARTESIAN_POINT('',(-4.18,0.,0.));
#4136=CARTESIAN_POINT('',(-4.82,12.34,0.));
#4137=CARTESIAN_POINT('',(-4.82,0.,0.));
#4138=CARTESIAN_POINT('',(-4.6,13.18,1.64));
#4139=CARTESIAN_POINT('',(-4.6,13.18,1.86));
#4140=CARTESIAN_POINT('',(-4.6,13.18,2.06000000000001));
#4141=CARTESIAN_POINT('',(-4.18,13.18,2.06000000000001));
#4142=CARTESIAN_POINT('',(-4.4,13.18,2.06000000000001));
#4143=CARTESIAN_POINT('',(-4.4,13.18,1.64));
#4144=CARTESIAN_POINT('',(-4.4,13.18,1.86));
#4145=CARTESIAN_POINT('',(-4.18,13.18,1.86));
#4146=CARTESIAN_POINT('',(-4.18,13.18,1.64));
#4147=CARTESIAN_POINT('',(-4.57466600199402,13.2767298105683,1.88533399800599));
#4148=CARTESIAN_POINT('',(-4.08107676969093,11.9622931206381,1.54107676969093));
#4149=CARTESIAN_POINT('',(-4.18,13.18,1.86));
#4150=CARTESIAN_POINT('',(-4.31752741774676,12.8651046859422,2.14247258225325));
#4151=CARTESIAN_POINT('',(-4.18,12.34,0.));
#4152=CARTESIAN_POINT('',(-4.57466600199402,13.2767298105683,2.03466600199403));
#4153=CARTESIAN_POINT('',(-4.6,13.18,1.64));
#4154=CARTESIAN_POINT('',(-4.18,12.34,2.28000000000001));
#4155=CARTESIAN_POINT('',(-4.57466600199402,2.3932701894317,1.88533399800599));
#4156=CARTESIAN_POINT('',(-4.18,3.33,1.64));
#4157=CARTESIAN_POINT('',(-4.18,3.33,1.64));
#4158=CARTESIAN_POINT('',(-4.31752741774676,2.80489531405782,2.14247258225324));
#4159=CARTESIAN_POINT('',(-4.18,3.33,0.));
#4160=CARTESIAN_POINT('',(-4.6132701894317,2.54066799601196,2.07327018943171));
#4161=CARTESIAN_POINT('',(-4.6,2.49,2.28));
#4162=CARTESIAN_POINT('',(-4.18,2.49,2.06));
#4163=CARTESIAN_POINT('',(-7.185,9.9,0.39));
#4164=CARTESIAN_POINT('',(-7.185,9.9,0.39));
#4165=CARTESIAN_POINT('',(-7.185,11.05,0.39));
#4166=CARTESIAN_POINT('',(7.185,9.9,0.39));
#4167=CARTESIAN_POINT('',(7.825,9.9,0.39));
#4168=CARTESIAN_POINT('',(7.185,9.9,0.39));
#4169=CARTESIAN_POINT('',(7.825,11.05,0.390000000000001));
#4170=CARTESIAN_POINT('',(7.825,11.3,-0.0599999999999996));
#4171=CARTESIAN_POINT('',(7.825,11.05,0.390000000000001));
#4172=CARTESIAN_POINT('',(7.825,11.3,-0.0599999999999996));
#4173=MECHANICAL_DESIGN_GEOMETRIC_PRESENTATION_REPRESENTATION('',(#24),
#4174);
#4174=(
GEOMETRIC_REPRESENTATION_CONTEXT(3)
GLOBAL_UNCERTAINTY_ASSIGNED_CONTEXT((#4175))
GLOBAL_UNIT_ASSIGNED_CONTEXT((#4181,#4177,#4176))
REPRESENTATION_CONTEXT('436500427wbm000_01_214',
'TOP_LEVEL_ASSEMBLY_PART')
);
#4175=UNCERTAINTY_MEASURE_WITH_UNIT(LENGTH_MEASURE(2.E-5),#4181,
'DISTANCE_ACCURACY_VALUE','Maximum Tolerance applied to model');
#4176=(
NAMED_UNIT(*)
SI_UNIT($,.STERADIAN.)
SOLID_ANGLE_UNIT()
);
#4177=(
CONVERSION_BASED_UNIT('DEGREE',#4179)
NAMED_UNIT(#4178)
PLANE_ANGLE_UNIT()
);
#4178=DIMENSIONAL_EXPONENTS(0.,0.,0.,0.,0.,0.,0.);
#4179=PLANE_ANGLE_MEASURE_WITH_UNIT(PLANE_ANGLE_MEASURE(0.0174532925),#4180);
#4180=(
NAMED_UNIT(*)
PLANE_ANGLE_UNIT()
SI_UNIT($,.RADIAN.)
);
#4181=(
LENGTH_UNIT()
NAMED_UNIT(*)
SI_UNIT(.MILLI.,.METRE.)
);
ENDSEC;
END-ISO-10303-21;
